document,compile_component,,traverse_component,NOD,DEF,OCC,LOC,gotoDefinition,rename,completion
file:///C:/Users/74993/Desktop/毕设/wll论文/java%20project/defects4j/project_repos/output/jfreechart/src/main/java/org/jfree/chart/annotations/AbstractAnnotation.java,2314.0,8.0,0.5,278.0,25.0,180.0,219.0,8.5,5.0,40.5
file:///C:/Users/74993/Desktop/毕设/wll论文/java%20project/defects4j/project_repos/output/jfreechart/src/main/java/org/jfree/chart/annotations/AbstractXYAnnotation.java,5.0,3.5,0.0,307.0,31.0,187.0,202.0,4.5,5.5,7.0
file:///C:/Users/74993/Desktop/毕设/wll论文/java%20project/defects4j/project_repos/output/jfreechart/src/main/java/org/jfree/chart/annotations/CategoryLineAnnotation.java,5.5,10.0,0.0,928.0,61.0,640.0,424.0,11.5,10.5,6.0
file:///C:/Users/74993/Desktop/毕设/wll论文/java%20project/defects4j/project_repos/output/jfreechart/src/main/java/org/jfree/chart/annotations/CategoryPointerAnnotation.java,10.5,13.0,0.0,1208.0,84.0,796.0,534.0,13.0,12.0,11.5
file:///C:/Users/74993/Desktop/毕设/wll论文/java%20project/defects4j/project_repos/output/jfreechart/src/main/java/org/jfree/chart/annotations/CategoryTextAnnotation.java,6.5,5.0,0.0,548.0,39.0,365.0,270.0,5.5,5.5,7.5
file:///C:/Users/74993/Desktop/毕设/wll论文/java%20project/defects4j/project_repos/output/jfreechart/src/main/java/org/jfree/chart/annotations/TextAnnotation.java,5.5,5.5,0.0,583.0,43.0,377.0,350.0,8.0,6.0,8.5
file:///C:/Users/74993/Desktop/毕设/wll论文/java%20project/defects4j/project_repos/output/jfreechart/src/main/java/org/jfree/chart/annotations/XYBoxAnnotation.java,7.5,8.0,0.0,843.0,63.0,553.0,376.0,7.5,6.5,8.0
file:///C:/Users/74993/Desktop/毕设/wll论文/java%20project/defects4j/project_repos/output/jfreechart/src/main/java/org/jfree/chart/annotations/XYDataImageAnnotation.java,7.0,6.0,0.0,684.0,60.0,445.0,364.0,6.5,5.0,7.0
file:///C:/Users/74993/Desktop/毕设/wll论文/java%20project/defects4j/project_repos/output/jfreechart/src/main/java/org/jfree/chart/annotations/XYDrawableAnnotation.java,6.0,5.5,0.0,680.0,51.0,430.0,297.0,6.0,6.0,6.5
file:///C:/Users/74993/Desktop/毕设/wll论文/java%20project/defects4j/project_repos/output/jfreechart/src/main/java/org/jfree/chart/annotations/XYImageAnnotation.java,5.5,5.5,0.0,597.0,51.0,399.0,297.0,6.0,5.5,6.5
file:///C:/Users/74993/Desktop/毕设/wll论文/java%20project/defects4j/project_repos/output/jfreechart/src/main/java/org/jfree/chart/annotations/XYLineAnnotation.java,6.5,7.0,0.5,842.0,56.0,554.0,359.0,6.5,5.5,7.5
file:///C:/Users/74993/Desktop/毕设/wll论文/java%20project/defects4j/project_repos/output/jfreechart/src/main/java/org/jfree/chart/annotations/XYPointerAnnotation.java,7.5,9.0,0.0,1298.0,86.0,846.0,548.0,14.0,10.0,8.0
file:///C:/Users/74993/Desktop/毕设/wll论文/java%20project/defects4j/project_repos/output/jfreechart/src/main/java/org/jfree/chart/annotations/XYPolygonAnnotation.java,7.0,6.0,0.0,818.0,47.0,556.0,350.0,6.0,6.0,7.0
file:///C:/Users/74993/Desktop/毕设/wll论文/java%20project/defects4j/project_repos/output/jfreechart/src/main/java/org/jfree/chart/annotations/XYShapeAnnotation.java,6.0,7.0,0.0,774.0,55.0,545.0,298.0,6.5,6.0,6.5
file:///C:/Users/74993/Desktop/毕设/wll论文/java%20project/defects4j/project_repos/output/jfreechart/src/main/java/org/jfree/chart/annotations/XYTextAnnotation.java,7.5,9.0,0.0,1249.0,87.0,827.0,644.0,17.0,9.5,10.0
file:///C:/Users/74993/Desktop/毕设/wll论文/java%20project/defects4j/project_repos/output/jfreechart/src/main/java/org/jfree/chart/annotations/XYTitleAnnotation.java,6.0,7.0,0.0,989.0,67.0,683.0,391.0,8.0,8.0,7.0
file:///C:/Users/74993/Desktop/毕设/wll论文/java%20project/defects4j/project_repos/output/jfreechart/src/main/java/org/jfree/chart/api/RectangleInsets.java,6.5,7.5,0.5,1250.0,104.0,686.0,524.0,9.5,8.0,31.0
file:///C:/Users/74993/Desktop/毕设/wll论文/java%20project/defects4j/project_repos/output/jfreechart/src/main/java/org/jfree/chart/api/Rotation.java,5.0,0.5,0.0,45.0,7.0,24.0,75.0,0.5,0.0,5.5
file:///C:/Users/74993/Desktop/毕设/wll论文/java%20project/defects4j/project_repos/output/jfreechart/src/main/java/org/jfree/chart/axis/Axis.java,11.5,26.0,0.0,3616.0,274.0,2419.0,1682.0,27.5,26.0,10.0
file:///C:/Users/74993/Desktop/毕设/wll论文/java%20project/defects4j/project_repos/output/jfreechart/src/main/java/org/jfree/chart/axis/AxisCollection.java,5.5,1.5,0.5,186.0,13.0,118.0,141.0,1.0,1.5,6.0
file:///C:/Users/74993/Desktop/毕设/wll论文/java%20project/defects4j/project_repos/output/jfreechart/src/main/java/org/jfree/chart/axis/AxisSpace.java,7.0,5.5,0.0,827.0,45.0,534.0,370.0,5.5,5.5,6.5
file:///C:/Users/74993/Desktop/毕设/wll论文/java%20project/defects4j/project_repos/output/jfreechart/src/main/java/org/jfree/chart/axis/AxisState.java,5.5,1.5,0.0,247.0,27.0,137.0,194.0,2.0,2.5,6.5
file:///C:/Users/74993/Desktop/毕设/wll论文/java%20project/defects4j/project_repos/output/jfreechart/src/main/java/org/jfree/chart/axis/CategoryAxis.java,14.0,25.5,0.5,3503.0,275.0,2155.0,1403.0,27.5,25.0,8.5
file:///C:/Users/74993/Desktop/毕设/wll论文/java%20project/defects4j/project_repos/output/jfreechart/src/main/java/org/jfree/chart/axis/CategoryLabelPosition.java,5.0,3.0,0.5,386.0,35.0,243.0,255.0,2.5,2.0,6.0
file:///C:/Users/74993/Desktop/毕设/wll论文/java%20project/defects4j/project_repos/output/jfreechart/src/main/java/org/jfree/chart/axis/CategoryLabelPositions.java,5.5,7.0,0.0,822.0,41.0,656.0,401.0,8.0,7.0,166.0
file:///C:/Users/74993/Desktop/毕设/wll论文/java%20project/defects4j/project_repos/output/jfreechart/src/main/java/org/jfree/chart/axis/CategoryTick.java,3.0,2.0,0.0,230.0,18.0,143.0,147.0,1.5,1.5,5.0
file:///C:/Users/74993/Desktop/毕设/wll论文/java%20project/defects4j/project_repos/output/jfreechart/src/main/java/org/jfree/chart/axis/CompassFormat.java,4.0,1.5,0.0,252.0,24.0,140.0,152.0,4.0,1.5,4.5
file:///C:/Users/74993/Desktop/毕设/wll论文/java%20project/defects4j/project_repos/output/jfreechart/src/main/java/org/jfree/chart/axis/CyclicNumberAxis.java,11.5,20.5,0.0,2943.0,190.0,1777.0,1165.0,31.0,20.0,9.5
file:///C:/Users/74993/Desktop/毕设/wll论文/java%20project/defects4j/project_repos/output/jfreechart/src/main/java/org/jfree/chart/axis/DateAxis.java,12.0,36.0,0.0,5167.0,340.0,3241.0,1821.0,39.0,37.5,7.5
file:///C:/Users/74993/Desktop/毕设/wll论文/java%20project/defects4j/project_repos/output/jfreechart/src/main/java/org/jfree/chart/axis/DateTick.java,3.5,1.5,0.0,172.0,20.0,113.0,132.0,1.0,1.0,4.5
file:///C:/Users/74993/Desktop/毕设/wll论文/java%20project/defects4j/project_repos/output/jfreechart/src/main/java/org/jfree/chart/axis/DateTickUnit.java,4.0,4.0,0.0,604.0,48.0,347.0,348.0,3.5,3.0,5.0
file:///C:/Users/74993/Desktop/毕设/wll论文/java%20project/defects4j/project_repos/output/jfreechart/src/main/java/org/jfree/chart/axis/DateTickUnitType.java,3.0,0.0,0.0,85.0,12.0,64.0,88.0,0.5,0.5,3.5
file:///C:/Users/74993/Desktop/毕设/wll论文/java%20project/defects4j/project_repos/output/jfreechart/src/main/java/org/jfree/chart/axis/ExtendedCategoryAxis.java,4.0,3.5,0.0,467.0,34.0,331.0,250.0,5.0,4.0,4.5
file:///C:/Users/74993/Desktop/毕设/wll论文/java%20project/defects4j/project_repos/output/jfreechart/src/main/java/org/jfree/chart/axis/LogarithmicAxis.java,9.5,14.5,0.0,2542.0,135.0,1224.0,1034.0,18.5,14.0,5.5
file:///C:/Users/74993/Desktop/毕设/wll论文/java%20project/defects4j/project_repos/output/jfreechart/src/main/java/org/jfree/chart/axis/LogAxis.java,7.0,19.5,0.0,2738.0,241.0,1543.0,1039.0,19.5,18.5,5.5
file:///C:/Users/74993/Desktop/毕设/wll论文/java%20project/defects4j/project_repos/output/jfreechart/src/main/java/org/jfree/chart/axis/LogTick.java,2.5,0.0,0.0,58.0,8.0,41.0,78.0,3.0,1.0,3.0
file:///C:/Users/74993/Desktop/毕设/wll论文/java%20project/defects4j/project_repos/output/jfreechart/src/main/java/org/jfree/chart/axis/MarkerAxisBand.java,3.5,5.0,0.0,612.0,51.0,423.0,269.0,4.5,5.5,4.5
file:///C:/Users/74993/Desktop/毕设/wll论文/java%20project/defects4j/project_repos/output/jfreechart/src/main/java/org/jfree/chart/axis/ModuloAxis.java,4.5,6.0,0.0,1010.0,70.0,572.0,427.0,7.0,5.5,5.0
file:///C:/Users/74993/Desktop/毕设/wll论文/java%20project/defects4j/project_repos/output/jfreechart/src/main/java/org/jfree/chart/axis/MonthDateFormat.java,4.5,3.0,0.0,469.0,41.0,282.0,247.0,3.5,2.5,5.0
file:///C:/Users/74993/Desktop/毕设/wll论文/java%20project/defects4j/project_repos/output/jfreechart/src/main/java/org/jfree/chart/axis/NumberAxis.java,7.5,17.5,0.0,2681.0,204.0,1508.0,1133.0,21.0,18.0,5.5
file:///C:/Users/74993/Desktop/毕设/wll论文/java%20project/defects4j/project_repos/output/jfreechart/src/main/java/org/jfree/chart/axis/NumberTick.java,2.0,1.0,0.0,93.0,16.0,64.0,94.0,1.0,0.5,3.5
file:///C:/Users/74993/Desktop/毕设/wll论文/java%20project/defects4j/project_repos/output/jfreechart/src/main/java/org/jfree/chart/axis/NumberTickUnit.java,3.0,1.5,0.0,222.0,20.0,122.0,152.0,0.5,0.5,4.5
file:///C:/Users/74993/Desktop/毕设/wll论文/java%20project/defects4j/project_repos/output/jfreechart/src/main/java/org/jfree/chart/axis/NumberTickUnitSource.java,3.5,3.0,0.0,558.0,33.0,241.0,243.0,2.5,3.0,5.0
file:///C:/Users/74993/Desktop/毕设/wll论文/java%20project/defects4j/project_repos/output/jfreechart/src/main/java/org/jfree/chart/axis/PeriodAxis.java,8.5,23.5,0.0,3226.0,219.0,2099.0,1186.0,23.5,23.0,6.0
file:///C:/Users/74993/Desktop/毕设/wll论文/java%20project/defects4j/project_repos/output/jfreechart/src/main/java/org/jfree/chart/axis/PeriodAxisLabelInfo.java,4.0,4.0,0.0,651.0,53.0,450.0,355.0,6.5,4.5,5.0
file:///C:/Users/74993/Desktop/毕设/wll论文/java%20project/defects4j/project_repos/output/jfreechart/src/main/java/org/jfree/chart/axis/QuarterDateFormat.java,4.5,2.5,0.0,345.0,30.0,220.0,196.0,3.5,2.0,91.0
file:///C:/Users/74993/Desktop/毕设/wll论文/java%20project/defects4j/project_repos/output/jfreechart/src/main/java/org/jfree/chart/axis/SubCategoryAxis.java,5.5,7.5,0.0,1091.0,76.0,683.0,432.0,8.0,7.5,5.0
file:///C:/Users/74993/Desktop/毕设/wll论文/java%20project/defects4j/project_repos/output/jfreechart/src/main/java/org/jfree/chart/axis/SymbolAxis.java,8.0,14.5,0.0,1875.0,146.0,1093.0,752.0,15.0,14.0,6.5
file:///C:/Users/74993/Desktop/毕设/wll论文/java%20project/defects4j/project_repos/output/jfreechart/src/main/java/org/jfree/chart/axis/Tick.java,3.0,1.5,0.5,234.0,21.0,150.0,174.0,1.0,2.0,5.0
file:///C:/Users/74993/Desktop/毕设/wll论文/java%20project/defects4j/project_repos/output/jfreechart/src/main/java/org/jfree/chart/axis/TickUnit.java,3.5,1.0,0.0,221.0,21.0,109.0,184.0,1.0,1.0,4.0
file:///C:/Users/74993/Desktop/毕设/wll论文/java%20project/defects4j/project_repos/output/jfreechart/src/main/java/org/jfree/chart/axis/TickUnits.java,3.5,1.0,0.0,299.0,22.0,184.0,211.0,2.5,1.5,4.0
file:///C:/Users/74993/Desktop/毕设/wll论文/java%20project/defects4j/project_repos/output/jfreechart/src/main/java/org/jfree/chart/axis/ValueAxis.java,8.5,23.0,0.0,3431.0,268.0,1978.0,1672.0,24.0,23.0,6.5
file:///C:/Users/74993/Desktop/毕设/wll论文/java%20project/defects4j/project_repos/output/jfreechart/src/main/java/org/jfree/chart/axis/ValueTick.java,3.0,0.5,0.0,166.0,21.0,100.0,137.0,0.5,1.0,4.5
file:///C:/Users/74993/Desktop/毕设/wll论文/java%20project/defects4j/project_repos/output/jfreechart/src/main/java/org/jfree/chart/block/AbstractBlock.java,4.5,8.0,0.0,1213.0,105.0,764.0,636.0,9.0,9.0,4.0
file:///C:/Users/74993/Desktop/毕设/wll论文/java%20project/defects4j/project_repos/output/jfreechart/src/main/java/org/jfree/chart/block/BlockBorder.java,4.0,3.0,0.0,486.0,43.0,325.0,233.0,4.5,3.0,64.5
file:///C:/Users/74993/Desktop/毕设/wll论文/java%20project/defects4j/project_repos/output/jfreechart/src/main/java/org/jfree/chart/block/BlockContainer.java,4.0,2.5,0.0,543.0,45.0,341.0,277.0,4.0,3.0,4.5
file:///C:/Users/74993/Desktop/毕设/wll论文/java%20project/defects4j/project_repos/output/jfreechart/src/main/java/org/jfree/chart/block/BlockParams.java,2.0,0.5,0.0,98.0,14.0,52.0,138.0,0.0,1.0,3.5
file:///C:/Users/74993/Desktop/毕设/wll论文/java%20project/defects4j/project_repos/output/jfreechart/src/main/java/org/jfree/chart/block/BlockResult.java,2.0,0.0,0.0,50.0,6.0,33.0,80.0,0.5,0.5,3.0
file:///C:/Users/74993/Desktop/毕设/wll论文/java%20project/defects4j/project_repos/output/jfreechart/src/main/java/org/jfree/chart/block/BorderArrangement.java,5.0,15.0,0.0,2251.0,101.0,1297.0,542.0,14.5,14.0,5.0
file:///C:/Users/74993/Desktop/毕设/wll论文/java%20project/defects4j/project_repos/output/jfreechart/src/main/java/org/jfree/chart/block/ColorBlock.java,3.5,2.5,0.0,313.0,27.0,202.0,190.0,3.0,3.0,3.5
file:///C:/Users/74993/Desktop/毕设/wll论文/java%20project/defects4j/project_repos/output/jfreechart/src/main/java/org/jfree/chart/block/ColumnArrangement.java,4.5,5.5,0.0,891.0,65.0,566.0,384.0,6.5,5.5,5.0
file:///C:/Users/74993/Desktop/毕设/wll论文/java%20project/defects4j/project_repos/output/jfreechart/src/main/java/org/jfree/chart/block/FlowArrangement.java,4.0,8.0,0.0,1017.0,81.0,662.0,442.0,7.5,8.0,9.0
file:///C:/Users/74993/Desktop/毕设/wll论文/java%20project/defects4j/project_repos/output/jfreechart/src/main/java/org/jfree/chart/block/GridArrangement.java,4.5,8.5,0.0,1185.0,114.0,766.0,442.0,9.0,9.0,4.0
file:///C:/Users/74993/Desktop/毕设/wll论文/java%20project/defects4j/project_repos/output/jfreechart/src/main/java/org/jfree/chart/block/LabelBlock.java,3.0,5.5,0.5,799.0,63.0,566.0,421.0,7.5,6.0,5.0
file:///C:/Users/74993/Desktop/毕设/wll论文/java%20project/defects4j/project_repos/output/jfreechart/src/main/java/org/jfree/chart/block/LineBorder.java,4.0,3.5,0.0,549.0,37.0,375.0,233.0,5.5,3.5,4.0
file:///C:/Users/74993/Desktop/毕设/wll论文/java%20project/defects4j/project_repos/output/jfreechart/src/main/java/org/jfree/chart/block/RectangleConstraint.java,3.0,4.5,0.0,618.0,47.0,484.0,350.0,5.5,4.0,59.5
file:///C:/Users/74993/Desktop/毕设/wll论文/java%20project/defects4j/project_repos/output/jfreechart/src/main/java/org/jfree/chart/block/Size2D.java,3.0,0.5,0.0,243.0,21.0,128.0,166.0,4.0,1.0,4.0
file:///C:/Users/74993/Desktop/毕设/wll论文/java%20project/defects4j/project_repos/output/jfreechart/src/main/java/org/jfree/chart/ChartColor.java,3.5,2.0,0.0,406.0,38.0,233.0,229.0,6.0,3.5,4.0
file:///C:/Users/74993/Desktop/毕设/wll论文/java%20project/defects4j/project_repos/output/jfreechart/src/main/java/org/jfree/chart/ChartHints.java,2.5,0.5,0.0,92.0,9.0,45.0,103.0,2.5,0.5,3.5
file:///C:/Users/74993/Desktop/毕设/wll论文/java%20project/defects4j/project_repos/output/jfreechart/src/main/java/org/jfree/chart/ChartRenderingInfo.java,3.0,2.5,0.0,412.0,28.0,274.0,253.0,3.0,2.5,4.0
file:///C:/Users/74993/Desktop/毕设/wll论文/java%20project/defects4j/project_repos/output/jfreechart/src/main/java/org/jfree/chart/ChartTransferable.java,3.5,3.0,0.0,451.0,50.0,270.0,255.0,4.5,2.5,4.5
file:///C:/Users/74993/Desktop/毕设/wll论文/java%20project/defects4j/project_repos/output/jfreechart/src/main/java/org/jfree/chart/date/MonthConstants.java,3.0,0.0,0.0,56.0,13.0,18.0,81.0,2.5,0.0,3.5
file:///C:/Users/74993/Desktop/毕设/wll论文/java%20project/defects4j/project_repos/output/jfreechart/src/main/java/org/jfree/chart/date/SerialDate.java,5.0,7.5,0.0,1532.0,161.0,679.0,982.0,9.0,7.5,6.0
file:///C:/Users/74993/Desktop/毕设/wll论文/java%20project/defects4j/project_repos/output/jfreechart/src/main/java/org/jfree/chart/date/SpreadsheetDate.java,3.5,4.0,0.0,765.0,66.0,385.0,450.0,4.5,4.5,4.0
file:///C:/Users/74993/Desktop/毕设/wll论文/java%20project/defects4j/project_repos/output/jfreechart/src/main/java/org/jfree/chart/encoders/ImageFormat.java,3.0,0.0,0.0,20.0,4.0,12.0,58.0,2.0,0.5,3.5
file:///C:/Users/74993/Desktop/毕设/wll论文/java%20project/defects4j/project_repos/output/jfreechart/src/main/java/org/jfree/chart/encoders/SunJPEGEncoderAdapter.java,5.0,1.5,0.0,239.0,19.0,160.0,169.0,2.0,1.5,4.0
file:///C:/Users/74993/Desktop/毕设/wll论文/java%20project/defects4j/project_repos/output/jfreechart/src/main/java/org/jfree/chart/entity/AxisEntity.java,4.0,2.0,0.0,329.0,28.0,201.0,208.0,1.5,1.5,4.0
file:///C:/Users/74993/Desktop/毕设/wll论文/java%20project/defects4j/project_repos/output/jfreechart/src/main/java/org/jfree/chart/entity/CategoryItemEntity.java,3.0,1.5,0.0,272.0,25.0,174.0,199.0,1.0,1.5,4.5
file:///C:/Users/74993/Desktop/毕设/wll论文/java%20project/defects4j/project_repos/output/jfreechart/src/main/java/org/jfree/chart/entity/CategoryLabelEntity.java,3.0,0.5,0.0,190.0,15.0,122.0,127.0,1.0,0.5,4.0
file:///C:/Users/74993/Desktop/毕设/wll论文/java%20project/defects4j/project_repos/output/jfreechart/src/main/java/org/jfree/chart/entity/ChartEntity.java,4.5,5.0,0.0,762.0,55.0,457.0,401.0,5.0,5.0,4.5
file:///C:/Users/74993/Desktop/毕设/wll论文/java%20project/defects4j/project_repos/output/jfreechart/src/main/java/org/jfree/chart/entity/FlowEntity.java,15.5,1.5,0.0,167.0,14.0,106.0,115.0,1.0,1.0,4.5
file:///C:/Users/74993/Desktop/毕设/wll论文/java%20project/defects4j/project_repos/output/jfreechart/src/main/java/org/jfree/chart/entity/JFreeChartEntity.java,4.0,2.5,0.0,328.0,28.0,200.0,207.0,2.0,1.5,6.5
file:///C:/Users/74993/Desktop/毕设/wll论文/java%20project/defects4j/project_repos/output/jfreechart/src/main/java/org/jfree/chart/entity/LegendItemEntity.java,2.5,1.0,0.0,197.0,18.0,120.0,171.0,1.5,1.0,3.5
file:///C:/Users/74993/Desktop/毕设/wll论文/java%20project/defects4j/project_repos/output/jfreechart/src/main/java/org/jfree/chart/entity/NodeEntity.java,2.0,0.5,0.0,101.0,12.0,72.0,98.0,1.0,0.5,3.5
file:///C:/Users/74993/Desktop/毕设/wll论文/java%20project/defects4j/project_repos/output/jfreechart/src/main/java/org/jfree/chart/entity/PieSectionEntity.java,3.5,2.0,0.0,327.0,32.0,203.0,237.0,2.0,2.0,4.0
file:///C:/Users/74993/Desktop/毕设/wll论文/java%20project/defects4j/project_repos/output/jfreechart/src/main/java/org/jfree/chart/entity/PlotEntity.java,3.5,1.5,0.0,329.0,28.0,201.0,207.0,2.5,2.0,4.0
file:///C:/Users/74993/Desktop/毕设/wll论文/java%20project/defects4j/project_repos/output/jfreechart/src/main/java/org/jfree/chart/entity/StandardEntityCollection.java,4.0,2.5,0.0,355.0,29.0,225.0,209.0,3.0,2.5,4.0
file:///C:/Users/74993/Desktop/毕设/wll论文/java%20project/defects4j/project_repos/output/jfreechart/src/main/java/org/jfree/chart/entity/TitleEntity.java,3.0,2.0,0.0,329.0,28.0,201.0,207.0,3.0,2.0,4.0
file:///C:/Users/74993/Desktop/毕设/wll论文/java%20project/defects4j/project_repos/output/jfreechart/src/main/java/org/jfree/chart/entity/XYAnnotationEntity.java,3.5,0.0,0.0,125.0,14.0,66.0,111.0,1.0,1.0,3.5
file:///C:/Users/74993/Desktop/毕设/wll论文/java%20project/defects4j/project_repos/output/jfreechart/src/main/java/org/jfree/chart/entity/XYItemEntity.java,3.0,1.5,0.0,210.0,25.0,115.0,171.0,1.5,1.0,3.0
file:///C:/Users/74993/Desktop/毕设/wll论文/java%20project/defects4j/project_repos/output/jfreechart/src/main/java/org/jfree/chart/event/AnnotationChangeEvent.java,3.0,0.5,0.0,55.0,6.0,41.0,73.0,0.5,0.5,3.5
file:///C:/Users/74993/Desktop/毕设/wll论文/java%20project/defects4j/project_repos/output/jfreechart/src/main/java/org/jfree/chart/event/AxisChangeEvent.java,2.5,0.5,0.0,40.0,5.0,29.0,69.0,0.0,0.0,4.5
file:///C:/Users/74993/Desktop/毕设/wll论文/java%20project/defects4j/project_repos/output/jfreechart/src/main/java/org/jfree/chart/event/ChartChangeEvent.java,2.0,1.0,0.0,135.0,18.0,94.0,129.0,0.5,1.5,3.5
file:///C:/Users/74993/Desktop/毕设/wll论文/java%20project/defects4j/project_repos/output/jfreechart/src/main/java/org/jfree/chart/event/ChartProgressEvent.java,2.5,1.0,0.0,134.0,18.0,90.0,129.0,1.5,1.0,3.0
file:///C:/Users/74993/Desktop/毕设/wll论文/java%20project/defects4j/project_repos/output/jfreechart/src/main/java/org/jfree/chart/event/MarkerChangeEvent.java,2.5,0.5,0.0,40.0,5.0,29.0,70.0,0.5,0.0,3.5
file:///C:/Users/74993/Desktop/毕设/wll论文/java%20project/defects4j/project_repos/output/jfreechart/src/main/java/org/jfree/chart/event/PlotChangeEvent.java,2.0,1.0,0.0,40.0,5.0,29.0,71.0,1.0,0.0,3.0
file:///C:/Users/74993/Desktop/毕设/wll论文/java%20project/defects4j/project_repos/output/jfreechart/src/main/java/org/jfree/chart/event/RendererChangeEvent.java,2.5,0.0,0.0,63.0,10.0,38.0,96.0,0.0,0.0,2.5
file:///C:/Users/74993/Desktop/毕设/wll论文/java%20project/defects4j/project_repos/output/jfreechart/src/main/java/org/jfree/chart/event/TitleChangeEvent.java,2.0,0.0,0.0,40.0,5.0,29.0,68.0,0.5,0.5,2.5
file:///C:/Users/74993/Desktop/毕设/wll论文/java%20project/defects4j/project_repos/output/jfreechart/src/main/java/org/jfree/chart/imagemap/DynamicDriveToolTipTagFragmentGenerator.java,2.0,0.5,0.5,76.0,9.0,43.0,94.0,3.0,1.0,3.0
file:///C:/Users/74993/Desktop/毕设/wll论文/java%20project/defects4j/project_repos/output/jfreechart/src/main/java/org/jfree/chart/JFreeChart.java,10.5,26.5,0.0,3570.0,236.0,2332.0,1642.0,26.5,25.5,9.5
file:///C:/Users/74993/Desktop/毕设/wll论文/java%20project/defects4j/project_repos/output/jfreechart/src/main/java/org/jfree/chart/labels/AbstractCategoryItemLabelGenerator.java,3.5,4.5,0.0,648.0,47.0,418.0,316.0,4.5,4.5,4.5
file:///C:/Users/74993/Desktop/毕设/wll论文/java%20project/defects4j/project_repos/output/jfreechart/src/main/java/org/jfree/chart/labels/AbstractPieItemLabelGenerator.java,3.5,3.0,0.0,456.0,32.0,273.0,235.0,2.5,3.0,4.5
file:///C:/Users/74993/Desktop/毕设/wll论文/java%20project/defects4j/project_repos/output/jfreechart/src/main/java/org/jfree/chart/labels/AbstractXYItemLabelGenerator.java,4.0,5.0,0.0,686.0,51.0,447.0,349.0,5.0,4.5,4.5
file:///C:/Users/74993/Desktop/毕设/wll论文/java%20project/defects4j/project_repos/output/jfreechart/src/main/java/org/jfree/chart/labels/BoxAndWhiskerToolTipGenerator.java,4.0,1.0,0.0,251.0,17.0,161.0,144.0,4.0,1.5,4.0
file:///C:/Users/74993/Desktop/毕设/wll论文/java%20project/defects4j/project_repos/output/jfreechart/src/main/java/org/jfree/chart/labels/BoxAndWhiskerXYToolTipGenerator.java,3.5,2.0,0.0,286.0,18.0,176.0,156.0,4.5,2.0,4.0
file:///C:/Users/74993/Desktop/毕设/wll论文/java%20project/defects4j/project_repos/output/jfreechart/src/main/java/org/jfree/chart/labels/BubbleXYItemLabelGenerator.java,3.5,4.0,0.0,507.0,43.0,315.0,267.0,5.0,3.5,4.0
file:///C:/Users/74993/Desktop/毕设/wll论文/java%20project/defects4j/project_repos/output/jfreechart/src/main/java/org/jfree/chart/labels/CustomXYToolTipGenerator.java,3.5,2.5,0.0,327.0,30.0,179.0,185.0,2.0,2.0,4.5
file:///C:/Users/74993/Desktop/毕设/wll论文/java%20project/defects4j/project_repos/output/jfreechart/src/main/java/org/jfree/chart/labels/HighLowItemLabelGenerator.java,3.5,3.0,0.0,478.0,31.0,302.0,213.0,2.5,4.0,3.5
file:///C:/Users/74993/Desktop/毕设/wll论文/java%20project/defects4j/project_repos/output/jfreechart/src/main/java/org/jfree/chart/labels/IntervalCategoryItemLabelGenerator.java,4.0,0.5,0.0,260.0,19.0,144.0,134.0,4.5,2.0,4.0
file:///C:/Users/74993/Desktop/毕设/wll论文/java%20project/defects4j/project_repos/output/jfreechart/src/main/java/org/jfree/chart/labels/IntervalCategoryToolTipGenerator.java,3.0,0.5,0.0,288.0,22.0,147.0,155.0,4.0,2.0,3.0
file:///C:/Users/74993/Desktop/毕设/wll论文/java%20project/defects4j/project_repos/output/jfreechart/src/main/java/org/jfree/chart/labels/IntervalXYItemLabelGenerator.java,5.5,4.0,0.0,593.0,43.0,325.0,271.0,6.0,3.5,5.0
file:///C:/Users/74993/Desktop/毕设/wll论文/java%20project/defects4j/project_repos/output/jfreechart/src/main/java/org/jfree/chart/labels/IntervalXYToolTipGenerator.java,3.0,3.0,0.0,593.0,43.0,325.0,262.0,6.0,3.0,3.5
file:///C:/Users/74993/Desktop/毕设/wll论文/java%20project/defects4j/project_repos/output/jfreechart/src/main/java/org/jfree/chart/labels/ItemLabelPosition.java,3.5,3.0,0.0,406.0,36.0,267.0,251.0,3.0,2.5,4.0
file:///C:/Users/74993/Desktop/毕设/wll论文/java%20project/defects4j/project_repos/output/jfreechart/src/main/java/org/jfree/chart/labels/MultipleXYSeriesLabelGenerator.java,3.5,3.5,0.0,500.0,42.0,323.0,231.0,4.5,3.5,6.0
file:///C:/Users/74993/Desktop/毕设/wll论文/java%20project/defects4j/project_repos/output/jfreechart/src/main/java/org/jfree/chart/labels/StandardCategoryItemLabelGenerator.java,3.5,0.0,0.5,192.0,22.0,116.0,153.0,4.5,1.5,4.0
file:///C:/Users/74993/Desktop/毕设/wll论文/java%20project/defects4j/project_repos/output/jfreechart/src/main/java/org/jfree/chart/labels/StandardCategorySeriesLabelGenerator.java,3.5,1.5,0.0,224.0,21.0,137.0,159.0,3.0,1.0,4.0
file:///C:/Users/74993/Desktop/毕设/wll论文/java%20project/defects4j/project_repos/output/jfreechart/src/main/java/org/jfree/chart/labels/StandardCategoryToolTipGenerator.java,2.5,0.5,0.5,166.0,18.0,97.0,138.0,3.5,1.0,4.0
file:///C:/Users/74993/Desktop/毕设/wll论文/java%20project/defects4j/project_repos/output/jfreechart/src/main/java/org/jfree/chart/labels/StandardCrosshairLabelGenerator.java,10.5,2.0,0.0,201.0,17.0,130.0,150.0,0.5,1.5,3.5
file:///C:/Users/74993/Desktop/毕设/wll论文/java%20project/defects4j/project_repos/output/jfreechart/src/main/java/org/jfree/chart/labels/StandardFlowLabelGenerator.java,3.5,1.5,0.0,212.0,17.0,142.0,128.0,3.0,1.0,2.5
file:///C:/Users/74993/Desktop/毕设/wll论文/java%20project/defects4j/project_repos/output/jfreechart/src/main/java/org/jfree/chart/labels/StandardPieSectionLabelGenerator.java,3.5,2.0,0.0,360.0,34.0,235.0,252.0,4.0,2.0,4.5
file:///C:/Users/74993/Desktop/毕设/wll论文/java%20project/defects4j/project_repos/output/jfreechart/src/main/java/org/jfree/chart/labels/StandardPieToolTipGenerator.java,3.0,1.0,0.0,153.0,19.0,103.0,144.0,4.0,1.0,3.0
file:///C:/Users/74993/Desktop/毕设/wll论文/java%20project/defects4j/project_repos/output/jfreechart/src/main/java/org/jfree/chart/labels/StandardXYItemLabelGenerator.java,2.5,1.0,0.0,220.0,30.0,137.0,194.0,4.5,1.5,4.0
file:///C:/Users/74993/Desktop/毕设/wll论文/java%20project/defects4j/project_repos/output/jfreechart/src/main/java/org/jfree/chart/labels/StandardXYSeriesLabelGenerator.java,2.0,2.0,0.0,224.0,21.0,137.0,166.0,3.0,1.5,4.0
file:///C:/Users/74993/Desktop/毕设/wll论文/java%20project/defects4j/project_repos/output/jfreechart/src/main/java/org/jfree/chart/labels/StandardXYToolTipGenerator.java,2.5,1.5,0.0,220.0,30.0,135.0,197.0,3.5,2.0,4.0
file:///C:/Users/74993/Desktop/毕设/wll论文/java%20project/defects4j/project_repos/output/jfreechart/src/main/java/org/jfree/chart/labels/StandardXYZToolTipGenerator.java,3.5,3.0,0.0,475.0,43.0,287.0,258.0,5.0,3.0,4.0
file:///C:/Users/74993/Desktop/毕设/wll论文/java%20project/defects4j/project_repos/output/jfreechart/src/main/java/org/jfree/chart/legend/LegendGraphic.java,5.5,11.0,0.0,1513.0,95.0,1026.0,745.0,13.5,12.5,5.0
file:///C:/Users/74993/Desktop/毕设/wll论文/java%20project/defects4j/project_repos/output/jfreechart/src/main/java/org/jfree/chart/legend/LegendItem.java,5.5,15.0,0.0,2126.0,194.0,1433.0,1084.0,16.0,15.5,5.5
file:///C:/Users/74993/Desktop/毕设/wll论文/java%20project/defects4j/project_repos/output/jfreechart/src/main/java/org/jfree/chart/legend/LegendItemBlockContainer.java,3.0,2.0,0.0,278.0,28.0,205.0,189.0,3.0,2.0,5.5
file:///C:/Users/74993/Desktop/毕设/wll论文/java%20project/defects4j/project_repos/output/jfreechart/src/main/java/org/jfree/chart/legend/LegendItemCollection.java,3.0,1.5,0.0,221.0,19.0,139.0,158.0,1.5,1.0,4.0
file:///C:/Users/74993/Desktop/毕设/wll论文/java%20project/defects4j/project_repos/output/jfreechart/src/main/java/org/jfree/chart/legend/LegendTitle.java,5.0,12.0,0.0,1564.0,107.0,1072.0,679.0,12.5,12.0,4.0
file:///C:/Users/74993/Desktop/毕设/wll论文/java%20project/defects4j/project_repos/output/jfreechart/src/main/java/org/jfree/chart/legend/PaintScaleLegend.java,5.5,15.5,0.0,1906.0,107.0,1356.0,713.0,15.5,14.0,5.5
file:///C:/Users/74993/Desktop/毕设/wll论文/java%20project/defects4j/project_repos/output/jfreechart/src/main/java/org/jfree/chart/plot/CategoryCrosshairState.java,2.5,1.5,0.0,290.0,32.0,162.0,180.0,1.5,1.5,3.5
file:///C:/Users/74993/Desktop/毕设/wll论文/java%20project/defects4j/project_repos/output/jfreechart/src/main/java/org/jfree/chart/plot/CategoryMarker.java,2.5,2.0,0.5,307.0,27.0,179.0,190.0,2.0,2.5,3.5
file:///C:/Users/74993/Desktop/毕设/wll论文/java%20project/defects4j/project_repos/output/jfreechart/src/main/java/org/jfree/chart/plot/CategoryPlot.java,28.5,73.0,0.0,10845.0,820.0,6511.0,4856.0,74.5,74.0,11.5
file:///C:/Users/74993/Desktop/毕设/wll论文/java%20project/defects4j/project_repos/output/jfreechart/src/main/java/org/jfree/chart/plot/CombinedDomainCategoryPlot.java,8.0,13.0,0.0,1653.0,128.0,1033.0,670.0,12.5,11.5,5.0
file:///C:/Users/74993/Desktop/毕设/wll论文/java%20project/defects4j/project_repos/output/jfreechart/src/main/java/org/jfree/chart/plot/CombinedDomainXYPlot.java,6.5,11.5,0.0,1766.0,143.0,1086.0,755.0,12.5,12.5,6.0
file:///C:/Users/74993/Desktop/毕设/wll论文/java%20project/defects4j/project_repos/output/jfreechart/src/main/java/org/jfree/chart/plot/CombinedRangeCategoryPlot.java,5.5,9.0,0.0,1395.0,103.0,875.0,568.0,10.0,9.5,5.0
file:///C:/Users/74993/Desktop/毕设/wll论文/java%20project/defects4j/project_repos/output/jfreechart/src/main/java/org/jfree/chart/plot/CombinedRangeXYPlot.java,7.0,12.0,0.0,1665.0,137.0,1025.0,714.0,12.5,11.5,5.0
file:///C:/Users/74993/Desktop/毕设/wll论文/java%20project/defects4j/project_repos/output/jfreechart/src/main/java/org/jfree/chart/plot/compass/ArrowNeedle.java,5.0,2.0,0.5,361.0,22.0,206.0,174.0,2.0,2.0,3.5
file:///C:/Users/74993/Desktop/毕设/wll论文/java%20project/defects4j/project_repos/output/jfreechart/src/main/java/org/jfree/chart/plot/compass/CompassPlot.java,10.5,14.0,0.0,2254.0,123.0,1297.0,866.0,19.5,14.5,22.0
file:///C:/Users/74993/Desktop/毕设/wll论文/java%20project/defects4j/project_repos/output/jfreechart/src/main/java/org/jfree/chart/plot/compass/MeterNeedle.java,3.5,6.0,0.0,785.0,69.0,534.0,420.0,6.5,5.0,5.0
file:///C:/Users/74993/Desktop/毕设/wll论文/java%20project/defects4j/project_repos/output/jfreechart/src/main/java/org/jfree/chart/plot/Crosshair.java,4.5,10.5,0.0,1412.0,103.0,1010.0,767.0,10.0,9.5,5.5
file:///C:/Users/74993/Desktop/毕设/wll论文/java%20project/defects4j/project_repos/output/jfreechart/src/main/java/org/jfree/chart/plot/CrosshairState.java,3.0,2.0,0.0,449.0,54.0,246.0,358.0,2.5,2.5,3.5
file:///C:/Users/74993/Desktop/毕设/wll论文/java%20project/defects4j/project_repos/output/jfreechart/src/main/java/org/jfree/chart/plot/DefaultDrawingSupplier.java,5.0,9.5,0.5,1376.0,94.0,821.0,533.0,10.0,9.0,5.0
file:///C:/Users/74993/Desktop/毕设/wll论文/java%20project/defects4j/project_repos/output/jfreechart/src/main/java/org/jfree/chart/plot/dial/AbstractDialLayer.java,11.0,1.0,0.0,303.0,27.0,188.0,212.0,1.5,1.0,4.0
file:///C:/Users/74993/Desktop/毕设/wll论文/java%20project/defects4j/project_repos/output/jfreechart/src/main/java/org/jfree/chart/plot/dial/ArcDialFrame.java,5.5,8.0,0.5,1071.0,73.0,717.0,511.0,9.0,7.5,5.0
file:///C:/Users/74993/Desktop/毕设/wll论文/java%20project/defects4j/project_repos/output/jfreechart/src/main/java/org/jfree/chart/plot/dial/DialBackground.java,2.5,3.0,0.0,406.0,30.0,276.0,264.0,4.0,3.0,4.0
file:///C:/Users/74993/Desktop/毕设/wll论文/java%20project/defects4j/project_repos/output/jfreechart/src/main/java/org/jfree/chart/plot/dial/DialCap.java,3.5,4.0,0.0,561.0,37.0,393.0,335.0,6.5,4.0,3.5
file:///C:/Users/74993/Desktop/毕设/wll论文/java%20project/defects4j/project_repos/output/jfreechart/src/main/java/org/jfree/chart/plot/dial/DialLayerChangeEvent.java,2.0,1.0,0.0,41.0,5.0,30.0,69.0,1.0,0.0,4.0
file:///C:/Users/74993/Desktop/毕设/wll论文/java%20project/defects4j/project_repos/output/jfreechart/src/main/java/org/jfree/chart/plot/dial/DialPlot.java,5.0,12.5,0.0,1712.0,129.0,1063.0,822.0,12.0,12.0,5.0
file:///C:/Users/74993/Desktop/毕设/wll论文/java%20project/defects4j/project_repos/output/jfreechart/src/main/java/org/jfree/chart/plot/dial/DialPointer.java,4.0,9.5,0.0,1258.0,98.0,891.0,627.0,11.0,10.0,4.5
file:///C:/Users/74993/Desktop/毕设/wll论文/java%20project/defects4j/project_repos/output/jfreechart/src/main/java/org/jfree/chart/plot/dial/DialTextAnnotation.java,4.0,5.0,0.0,711.0,48.0,468.0,395.0,6.0,5.0,4.5
file:///C:/Users/74993/Desktop/毕设/wll论文/java%20project/defects4j/project_repos/output/jfreechart/src/main/java/org/jfree/chart/plot/dial/DialValueIndicator.java,5.0,11.5,0.0,1453.0,104.0,1007.0,762.0,11.5,10.5,5.0
file:///C:/Users/74993/Desktop/毕设/wll论文/java%20project/defects4j/project_repos/output/jfreechart/src/main/java/org/jfree/chart/plot/dial/StandardDialFrame.java,3.5,4.5,0.0,662.0,44.0,465.0,353.0,7.0,5.0,3.5
file:///C:/Users/74993/Desktop/毕设/wll论文/java%20project/defects4j/project_repos/output/jfreechart/src/main/java/org/jfree/chart/plot/dial/StandardDialRange.java,4.0,5.0,0.0,789.0,58.0,491.0,429.0,6.5,5.5,4.5
file:///C:/Users/74993/Desktop/毕设/wll论文/java%20project/defects4j/project_repos/output/jfreechart/src/main/java/org/jfree/chart/plot/dial/StandardDialScale.java,5.0,12.0,0.0,1830.0,127.0,1173.0,998.0,14.5,13.0,5.5
file:///C:/Users/74993/Desktop/毕设/wll论文/java%20project/defects4j/project_repos/output/jfreechart/src/main/java/org/jfree/chart/plot/FastScatterPlot.java,6.5,16.0,0.0,2224.0,177.0,1469.0,1084.0,20.0,16.0,118.0
file:///C:/Users/74993/Desktop/毕设/wll论文/java%20project/defects4j/project_repos/output/jfreechart/src/main/java/org/jfree/chart/plot/flow/FlowPlot.java,9.0,17.5,0.0,2549.0,151.0,1682.0,824.0,18.5,18.5,5.5
file:///C:/Users/74993/Desktop/毕设/wll论文/java%20project/defects4j/project_repos/output/jfreechart/src/main/java/org/jfree/chart/plot/IntervalMarker.java,3.0,2.5,0.0,331.0,33.0,198.0,218.0,2.0,2.0,4.0
file:///C:/Users/74993/Desktop/毕设/wll论文/java%20project/defects4j/project_repos/output/jfreechart/src/main/java/org/jfree/chart/plot/Marker.java,3.5,8.5,0.5,1164.0,84.0,766.0,668.0,8.5,8.0,4.5
file:///C:/Users/74993/Desktop/毕设/wll论文/java%20project/defects4j/project_repos/output/jfreechart/src/main/java/org/jfree/chart/plot/MeterInterval.java,3.5,2.5,0.0,368.0,28.0,264.0,220.0,3.5,2.5,3.5
file:///C:/Users/74993/Desktop/毕设/wll论文/java%20project/defects4j/project_repos/output/jfreechart/src/main/java/org/jfree/chart/plot/MeterPlot.java,7.0,20.0,0.0,3007.0,224.0,1872.0,1302.0,21.5,21.0,6.0
file:///C:/Users/74993/Desktop/毕设/wll论文/java%20project/defects4j/project_repos/output/jfreechart/src/main/java/org/jfree/chart/plot/pie/AbstractPieLabelDistributor.java,2.5,0.5,0.0,102.0,12.0,67.0,107.0,2.0,1.0,3.5
file:///C:/Users/74993/Desktop/毕设/wll论文/java%20project/defects4j/project_repos/output/jfreechart/src/main/java/org/jfree/chart/plot/pie/MultiplePiePlot.java,5.5,11.5,0.0,1605.0,94.0,1049.0,635.0,11.5,11.5,5.0
file:///C:/Users/74993/Desktop/毕设/wll论文/java%20project/defects4j/project_repos/output/jfreechart/src/main/java/org/jfree/chart/plot/pie/PieLabelDistributor.java,3.5,4.0,0.0,573.0,45.0,302.0,215.0,4.0,3.5,4.0
file:///C:/Users/74993/Desktop/毕设/wll论文/java%20project/defects4j/project_repos/output/jfreechart/src/main/java/org/jfree/chart/plot/pie/PieLabelRecord.java,2.5,1.5,0.0,402.0,39.0,230.0,280.0,2.5,2.5,3.5
file:///C:/Users/74993/Desktop/毕设/wll论文/java%20project/defects4j/project_repos/output/jfreechart/src/main/java/org/jfree/chart/plot/pie/PiePlot.java,14.5,51.5,0.0,7636.0,530.0,4873.0,3218.0,55.0,54.0,8.5
file:///C:/Users/74993/Desktop/毕设/wll论文/java%20project/defects4j/project_repos/output/jfreechart/src/main/java/org/jfree/chart/plot/pie/PiePlotState.java,2.5,1.5,0.0,267.0,43.0,155.0,275.0,2.0,1.5,3.5
file:///C:/Users/74993/Desktop/毕设/wll论文/java%20project/defects4j/project_repos/output/jfreechart/src/main/java/org/jfree/chart/plot/Plot.java,7.0,18.0,0.0,2690.0,193.0,1703.0,1445.0,21.0,18.0,6.0
file:///C:/Users/74993/Desktop/毕设/wll论文/java%20project/defects4j/project_repos/output/jfreechart/src/main/java/org/jfree/chart/plot/PlotRenderingInfo.java,3.0,3.5,0.0,521.0,38.0,346.0,289.0,3.0,3.5,4.5
file:///C:/Users/74993/Desktop/毕设/wll论文/java%20project/defects4j/project_repos/output/jfreechart/src/main/java/org/jfree/chart/plot/PlotState.java,1.0,1.0,0.0,57.0,4.0,43.0,68.0,0.5,1.0,3.5
file:///C:/Users/74993/Desktop/毕设/wll论文/java%20project/defects4j/project_repos/output/jfreechart/src/main/java/org/jfree/chart/plot/PolarPlot.java,10.0,31.5,0.0,4524.0,368.0,2732.0,2011.0,32.5,31.5,7.5
file:///C:/Users/74993/Desktop/毕设/wll论文/java%20project/defects4j/project_repos/output/jfreechart/src/main/java/org/jfree/chart/plot/RingPlot.java,5.5,11.0,0.0,1431.0,103.0,932.0,685.0,11.0,10.0,5.0
file:///C:/Users/74993/Desktop/毕设/wll论文/java%20project/defects4j/project_repos/output/jfreechart/src/main/java/org/jfree/chart/plot/SpiderWebPlot.java,7.5,22.0,0.0,3168.0,243.0,2024.0,1454.0,24.0,23.0,6.0
file:///C:/Users/74993/Desktop/毕设/wll论文/java%20project/defects4j/project_repos/output/jfreechart/src/main/java/org/jfree/chart/plot/ThermometerPlot.java,8.5,27.0,0.0,3514.0,257.0,2070.0,1618.0,30.0,24.5,7.0
file:///C:/Users/74993/Desktop/毕设/wll论文/java%20project/defects4j/project_repos/output/jfreechart/src/main/java/org/jfree/chart/plot/ValueMarker.java,2.5,1.0,0.0,175.0,21.0,97.0,146.0,1.0,1.0,4.0
file:///C:/Users/74993/Desktop/毕设/wll论文/java%20project/defects4j/project_repos/output/jfreechart/src/main/java/org/jfree/chart/plot/WaferMapPlot.java,4.5,7.0,0.0,1125.0,72.0,690.0,433.0,9.0,8.0,111.0
file:///C:/Users/74993/Desktop/毕设/wll论文/java%20project/defects4j/project_repos/output/jfreechart/src/main/java/org/jfree/chart/plot/XYPlot.java,28.5,87.0,0.0,12525.0,912.0,7507.0,5360.0,88.5,86.0,120.0
file:///C:/Users/74993/Desktop/毕设/wll论文/java%20project/defects4j/project_repos/output/jfreechart/src/main/java/org/jfree/chart/renderer/AbstractRenderer.java,11.0,38.0,0.0,5808.0,478.0,3469.0,3200.0,39.0,39.0,7.5
file:///C:/Users/74993/Desktop/毕设/wll论文/java%20project/defects4j/project_repos/output/jfreechart/src/main/java/org/jfree/chart/renderer/category/AbstractCategoryItemRenderer.java,9.5,32.5,0.0,4127.0,329.0,2750.0,1667.0,30.0,31.5,7.5
file:///C:/Users/74993/Desktop/毕设/wll论文/java%20project/defects4j/project_repos/output/jfreechart/src/main/java/org/jfree/chart/renderer/category/AreaRenderer.java,4.5,7.0,0.0,945.0,60.0,605.0,332.0,8.0,7.0,5.0
file:///C:/Users/74993/Desktop/毕设/wll论文/java%20project/defects4j/project_repos/output/jfreechart/src/main/java/org/jfree/chart/renderer/category/BarRenderer.java,7.0,21.5,0.0,3025.0,217.0,1874.0,1309.0,22.0,20.0,7.0
file:///C:/Users/74993/Desktop/毕设/wll论文/java%20project/defects4j/project_repos/output/jfreechart/src/main/java/org/jfree/chart/renderer/category/BoxAndWhiskerRenderer.java,7.5,21.5,0.0,3058.0,223.0,1942.0,1118.0,22.5,22.5,6.0
file:///C:/Users/74993/Desktop/毕设/wll论文/java%20project/defects4j/project_repos/output/jfreechart/src/main/java/org/jfree/chart/renderer/category/CategoryItemRendererState.java,3.0,1.0,0.0,235.0,25.0,131.0,205.0,1.0,1.0,3.5
file:///C:/Users/74993/Desktop/毕设/wll论文/java%20project/defects4j/project_repos/output/jfreechart/src/main/java/org/jfree/chart/renderer/category/CategoryStepRenderer.java,5.0,6.0,0.0,853.0,66.0,532.0,359.0,12.5,6.5,4.0
file:///C:/Users/74993/Desktop/毕设/wll论文/java%20project/defects4j/project_repos/output/jfreechart/src/main/java/org/jfree/chart/renderer/category/GanttRenderer.java,477.0,12.0,0.0,1680.0,116.0,1082.0,611.0,12.0,11.5,243.0
file:///C:/Users/74993/Desktop/毕设/wll论文/java%20project/defects4j/project_repos/output/jfreechart/src/main/java/org/jfree/chart/renderer/category/GradientBarPainter.java,4.0,9.0,0.0,1243.0,72.0,737.0,373.0,8.0,8.0,4.0
file:///C:/Users/74993/Desktop/毕设/wll论文/java%20project/defects4j/project_repos/output/jfreechart/src/main/java/org/jfree/chart/renderer/category/GroupedStackedBarRenderer.java,5.5,7.5,0.0,990.0,75.0,608.0,358.0,7.0,7.0,4.5
file:///C:/Users/74993/Desktop/毕设/wll论文/java%20project/defects4j/project_repos/output/jfreechart/src/main/java/org/jfree/chart/renderer/category/LayeredBarRenderer.java,5.5,10.5,0.0,1434.0,106.0,813.0,474.0,12.5,9.5,5.0
file:///C:/Users/74993/Desktop/毕设/wll论文/java%20project/defects4j/project_repos/output/jfreechart/src/main/java/org/jfree/chart/renderer/category/LevelRenderer.java,5.0,8.5,0.0,1091.0,92.0,660.0,437.0,8.5,8.0,5.5
file:///C:/Users/74993/Desktop/毕设/wll论文/java%20project/defects4j/project_repos/output/jfreechart/src/main/java/org/jfree/chart/renderer/category/LineAndShapeRenderer.java,6.0,11.0,0.0,1630.0,128.0,978.0,848.0,11.5,12.0,5.5
file:///C:/Users/74993/Desktop/毕设/wll论文/java%20project/defects4j/project_repos/output/jfreechart/src/main/java/org/jfree/chart/renderer/category/MinMaxCategoryRenderer.java,6.0,9.0,0.0,1306.0,95.0,857.0,542.0,10.5,9.0,5.0
file:///C:/Users/74993/Desktop/毕设/wll论文/java%20project/defects4j/project_repos/output/jfreechart/src/main/java/org/jfree/chart/renderer/category/ScatterRenderer.java,5.0,8.5,0.0,1124.0,90.0,694.0,582.0,9.0,8.0,6.0
file:///C:/Users/74993/Desktop/毕设/wll论文/java%20project/defects4j/project_repos/output/jfreechart/src/main/java/org/jfree/chart/renderer/category/StackedAreaRenderer.java,6.5,9.0,0.0,1460.0,86.0,781.0,478.0,9.0,8.5,5.0
file:///C:/Users/74993/Desktop/毕设/wll论文/java%20project/defects4j/project_repos/output/jfreechart/src/main/java/org/jfree/chart/renderer/category/StackedBarRenderer.java,4.5,7.0,0.0,927.0,62.0,554.0,376.0,8.5,7.0,4.5
file:///C:/Users/74993/Desktop/毕设/wll论文/java%20project/defects4j/project_repos/output/jfreechart/src/main/java/org/jfree/chart/renderer/category/StatisticalBarRenderer.java,6.0,11.5,0.0,1529.0,104.0,963.0,564.0,12.5,12.0,5.0
file:///C:/Users/74993/Desktop/毕设/wll论文/java%20project/defects4j/project_repos/output/jfreechart/src/main/java/org/jfree/chart/renderer/category/StatisticalLineAndShapeRenderer.java,5.0,9.0,0.0,1196.0,57.0,795.0,463.0,10.5,11.5,5.5
file:///C:/Users/74993/Desktop/毕设/wll论文/java%20project/defects4j/project_repos/output/jfreechart/src/main/java/org/jfree/chart/renderer/category/WaterfallBarRenderer.java,4.5,8.5,0.0,1201.0,76.0,731.0,474.0,8.5,8.0,5.0
file:///C:/Users/74993/Desktop/毕设/wll论文/java%20project/defects4j/project_repos/output/jfreechart/src/main/java/org/jfree/chart/renderer/DefaultPolarItemRenderer.java,6.5,17.0,0.0,2175.0,163.0,1438.0,910.0,16.5,17.0,5.5
file:///C:/Users/74993/Desktop/毕设/wll论文/java%20project/defects4j/project_repos/output/jfreechart/src/main/java/org/jfree/chart/renderer/GrayPaintScale.java,3.5,2.5,0.0,316.0,25.0,181.0,222.0,1.5,3.5,4.5
file:///C:/Users/74993/Desktop/毕设/wll论文/java%20project/defects4j/project_repos/output/jfreechart/src/main/java/org/jfree/chart/renderer/LookupPaintScale.java,4.0,4.5,0.0,711.0,54.0,434.0,379.0,10.5,5.0,4.0
file:///C:/Users/74993/Desktop/毕设/wll论文/java%20project/defects4j/project_repos/output/jfreechart/src/main/java/org/jfree/chart/renderer/Outlier.java,3.0,1.5,0.0,308.0,26.0,155.0,213.0,1.0,1.0,3.5
file:///C:/Users/74993/Desktop/毕设/wll论文/java%20project/defects4j/project_repos/output/jfreechart/src/main/java/org/jfree/chart/renderer/OutlierList.java,2.0,1.5,0.0,190.0,23.0,108.0,173.0,1.0,1.0,3.5
file:///C:/Users/74993/Desktop/毕设/wll论文/java%20project/defects4j/project_repos/output/jfreechart/src/main/java/org/jfree/chart/renderer/OutlierListCollection.java,3.5,1.5,0.0,188.0,20.0,109.0,172.0,1.0,1.0,7.0
file:///C:/Users/74993/Desktop/毕设/wll论文/java%20project/defects4j/project_repos/output/jfreechart/src/main/java/org/jfree/chart/renderer/RendererState.java,3.0,0.5,0.0,112.0,12.0,71.0,114.0,1.0,1.0,3.0
file:///C:/Users/74993/Desktop/毕设/wll论文/java%20project/defects4j/project_repos/output/jfreechart/src/main/java/org/jfree/chart/renderer/WaferMapRenderer.java,3.5,7.0,0.0,946.0,79.0,598.0,378.0,7.0,6.5,4.5
file:///C:/Users/74993/Desktop/毕设/wll论文/java%20project/defects4j/project_repos/output/jfreechart/src/main/java/org/jfree/chart/renderer/xy/AbstractXYItemRenderer.java,10.5,36.0,0.0,4695.0,338.0,3189.0,1643.0,36.0,35.5,6.5
file:///C:/Users/74993/Desktop/毕设/wll论文/java%20project/defects4j/project_repos/output/jfreechart/src/main/java/org/jfree/chart/renderer/xy/CandlestickRenderer.java,6.5,13.5,0.0,1848.0,136.0,1201.0,899.0,16.0,13.5,5.5
file:///C:/Users/74993/Desktop/毕设/wll论文/java%20project/defects4j/project_repos/output/jfreechart/src/main/java/org/jfree/chart/renderer/xy/ClusteredXYBarRenderer.java,6.5,7.5,0.0,980.0,77.0,595.0,359.0,7.0,7.0,4.5
file:///C:/Users/74993/Desktop/毕设/wll论文/java%20project/defects4j/project_repos/output/jfreechart/src/main/java/org/jfree/chart/renderer/xy/CyclicXYItemRenderer.java,4.5,9.0,0.0,1474.0,79.0,688.0,479.0,18.0,9.5,4.5
file:///C:/Users/74993/Desktop/毕设/wll论文/java%20project/defects4j/project_repos/output/jfreechart/src/main/java/org/jfree/chart/renderer/xy/DeviationRenderer.java,4.0,5.5,0.0,845.0,65.0,513.0,378.0,13.5,6.0,3.5
file:///C:/Users/74993/Desktop/毕设/wll论文/java%20project/defects4j/project_repos/output/jfreechart/src/main/java/org/jfree/chart/renderer/xy/GradientXYBarPainter.java,4.5,8.0,0.0,1242.0,72.0,737.0,372.0,8.5,8.5,4.0
file:///C:/Users/74993/Desktop/毕设/wll论文/java%20project/defects4j/project_repos/output/jfreechart/src/main/java/org/jfree/chart/renderer/xy/HighLowRenderer.java,4.5,8.0,0.0,1082.0,70.0,730.0,487.0,7.5,8.5,5.5
file:///C:/Users/74993/Desktop/毕设/wll论文/java%20project/defects4j/project_repos/output/jfreechart/src/main/java/org/jfree/chart/renderer/xy/SamplingXYLineRenderer.java,4.5,6.0,0.0,816.0,65.0,555.0,365.0,13.0,6.0,4.5
file:///C:/Users/74993/Desktop/毕设/wll论文/java%20project/defects4j/project_repos/output/jfreechart/src/main/java/org/jfree/chart/renderer/xy/StackedXYAreaRenderer.java,5.5,11.0,0.0,1492.0,103.0,943.0,670.0,11.0,10.5,6.0
file:///C:/Users/74993/Desktop/毕设/wll论文/java%20project/defects4j/project_repos/output/jfreechart/src/main/java/org/jfree/chart/renderer/xy/StackedXYAreaRenderer2.java,5.5,11.0,0.0,1665.0,94.0,980.0,530.0,11.5,10.5,5.5
file:///C:/Users/74993/Desktop/毕设/wll论文/java%20project/defects4j/project_repos/output/jfreechart/src/main/java/org/jfree/chart/renderer/xy/StackedXYBarRenderer.java,5.5,6.5,0.0,988.0,64.0,581.0,407.0,7.0,6.5,4.5
file:///C:/Users/74993/Desktop/毕设/wll论文/java%20project/defects4j/project_repos/output/jfreechart/src/main/java/org/jfree/chart/renderer/xy/StandardXYItemRenderer.java,6.5,14.5,0.0,2052.0,165.0,1252.0,1000.0,15.0,14.0,6.0
file:///C:/Users/74993/Desktop/毕设/wll论文/java%20project/defects4j/project_repos/output/jfreechart/src/main/java/org/jfree/chart/renderer/xy/VectorRenderer.java,6.0,7.5,0.0,1077.0,76.0,641.0,335.0,8.5,7.5,5.0
file:///C:/Users/74993/Desktop/毕设/wll论文/java%20project/defects4j/project_repos/output/jfreechart/src/main/java/org/jfree/chart/renderer/xy/XYAreaRenderer.java,6.5,13.5,0.0,1860.0,117.0,1172.0,717.0,21.5,14.0,4.5
file:///C:/Users/74993/Desktop/毕设/wll论文/java%20project/defects4j/project_repos/output/jfreechart/src/main/java/org/jfree/chart/renderer/xy/XYAreaRenderer2.java,5.0,8.0,0.0,1170.0,75.0,743.0,423.0,9.5,8.5,5.0
file:///C:/Users/74993/Desktop/毕设/wll论文/java%20project/defects4j/project_repos/output/jfreechart/src/main/java/org/jfree/chart/renderer/xy/XYBarRenderer.java,7.5,22.0,0.0,2978.0,197.0,1882.0,1275.0,21.5,20.5,6.5
file:///C:/Users/74993/Desktop/毕设/wll论文/java%20project/defects4j/project_repos/output/jfreechart/src/main/java/org/jfree/chart/renderer/xy/XYBezierRenderer.java,5.5,14.0,0.0,2063.0,132.0,1212.0,610.0,20.0,13.5,4.5
file:///C:/Users/74993/Desktop/毕设/wll论文/java%20project/defects4j/project_repos/output/jfreechart/src/main/java/org/jfree/chart/renderer/xy/XYBlockRenderer.java,5.0,8.0,0.0,1170.0,68.0,790.0,522.0,8.0,8.5,5.0
file:///C:/Users/74993/Desktop/毕设/wll论文/java%20project/defects4j/project_repos/output/jfreechart/src/main/java/org/jfree/chart/renderer/xy/XYBoxAndWhiskerRenderer.java,7.5,18.5,0.0,2302.0,166.0,1532.0,811.0,17.5,18.0,6.0
file:///C:/Users/74993/Desktop/毕设/wll论文/java%20project/defects4j/project_repos/output/jfreechart/src/main/java/org/jfree/chart/renderer/xy/XYBubbleRenderer.java,4.0,6.5,0.0,876.0,59.0,546.0,338.0,8.0,6.5,4.5
file:///C:/Users/74993/Desktop/毕设/wll论文/java%20project/defects4j/project_repos/output/jfreechart/src/main/java/org/jfree/chart/renderer/xy/XYDifferenceRenderer.java,12.0,22.0,0.0,3336.0,207.0,1875.0,1191.0,23.0,22.5,6.0
file:///C:/Users/74993/Desktop/毕设/wll论文/java%20project/defects4j/project_repos/output/jfreechart/src/main/java/org/jfree/chart/renderer/xy/XYDotRenderer.java,4.5,6.0,0.0,748.0,58.0,473.0,368.0,5.5,5.5,5.5
file:///C:/Users/74993/Desktop/毕设/wll论文/java%20project/defects4j/project_repos/output/jfreechart/src/main/java/org/jfree/chart/renderer/xy/XYErrorRenderer.java,5.0,8.0,0.0,1003.0,71.0,693.0,444.0,9.5,8.5,6.5
file:///C:/Users/74993/Desktop/毕设/wll论文/java%20project/defects4j/project_repos/output/jfreechart/src/main/java/org/jfree/chart/renderer/xy/XYItemRendererState.java,3.0,1.0,0.0,160.0,26.0,98.0,198.0,1.0,1.0,3.5
file:///C:/Users/74993/Desktop/毕设/wll论文/java%20project/defects4j/project_repos/output/jfreechart/src/main/java/org/jfree/chart/renderer/xy/XYLineAndShapeRenderer.java,8.0,20.5,0.0,2430.0,223.0,1465.0,1183.0,22.5,22.0,8.0
file:///C:/Users/74993/Desktop/毕设/wll论文/java%20project/defects4j/project_repos/output/jfreechart/src/main/java/org/jfree/chart/renderer/xy/XYShapeRenderer.java,8.5,13.5,0.0,1179.0,79.0,774.0,607.0,14.0,14.5,8.0
file:///C:/Users/74993/Desktop/毕设/wll论文/java%20project/defects4j/project_repos/output/jfreechart/src/main/java/org/jfree/chart/renderer/xy/XYSplineRenderer.java,9.0,16.0,0.5,1532.0,97.0,921.0,506.0,30.0,16.5,7.0
file:///C:/Users/74993/Desktop/毕设/wll论文/java%20project/defects4j/project_repos/output/jfreechart/src/main/java/org/jfree/chart/renderer/xy/XYStepAreaRenderer.java,8.0,14.0,0.0,1338.0,87.0,791.0,630.0,17.5,12.0,6.5
file:///C:/Users/74993/Desktop/毕设/wll论文/java%20project/defects4j/project_repos/output/jfreechart/src/main/java/org/jfree/chart/renderer/xy/XYStepRenderer.java,5.0,5.5,0.0,787.0,56.0,527.0,344.0,5.5,6.0,5.5
file:///C:/Users/74993/Desktop/毕设/wll论文/java%20project/defects4j/project_repos/output/jfreechart/src/main/java/org/jfree/chart/renderer/xy/YIntervalRenderer.java,5.0,8.5,0.0,711.0,57.0,507.0,307.0,8.0,6.0,4.5
file:///C:/Users/74993/Desktop/毕设/wll论文/java%20project/defects4j/project_repos/output/jfreechart/src/main/java/org/jfree/chart/StandardChartTheme.java,10.5,41.5,0.0,4403.0,250.0,3063.0,1788.0,32.0,34.0,7.5
file:///C:/Users/74993/Desktop/毕设/wll论文/java%20project/defects4j/project_repos/output/jfreechart/src/main/java/org/jfree/chart/swing/AbstractOverlay.java,3.5,0.5,0.0,154.0,13.0,99.0,112.0,1.5,0.5,3.0
file:///C:/Users/74993/Desktop/毕设/wll论文/java%20project/defects4j/project_repos/output/jfreechart/src/main/java/org/jfree/chart/swing/ChartFrame.java,5.5,0.5,0.0,97.0,10.0,66.0,91.0,1.0,0.5,4.5
file:///C:/Users/74993/Desktop/毕设/wll论文/java%20project/defects4j/project_repos/output/jfreechart/src/main/java/org/jfree/chart/swing/ChartMouseEvent.java,4.0,0.0,0.5,99.0,12.0,75.0,109.0,2.0,1.0,4.0
file:///C:/Users/74993/Desktop/毕设/wll论文/java%20project/defects4j/project_repos/output/jfreechart/src/main/java/org/jfree/chart/swing/ChartPanel.java,20.5,56.0,0.0,7162.0,563.0,4568.0,3078.0,56.0,51.5,10.0
file:///C:/Users/74993/Desktop/毕设/wll论文/java%20project/defects4j/project_repos/output/jfreechart/src/main/java/org/jfree/chart/swing/CrosshairOverlay.java,6.5,18.0,0.0,2277.0,107.0,1567.0,629.0,27.5,21.0,5.5
file:///C:/Users/74993/Desktop/毕设/wll论文/java%20project/defects4j/project_repos/output/jfreechart/src/main/java/org/jfree/chart/swing/DefaultSelectionZoomStrategy.java,5.0,4.5,0.0,664.0,53.0,428.0,267.0,5.5,5.5,4.0
file:///C:/Users/74993/Desktop/毕设/wll论文/java%20project/defects4j/project_repos/output/jfreechart/src/main/java/org/jfree/chart/swing/editor/ChartEditorManager.java,3.0,0.0,0.0,66.0,8.0,43.0,89.0,3.0,1.0,3.5
file:///C:/Users/74993/Desktop/毕设/wll论文/java%20project/defects4j/project_repos/output/jfreechart/src/main/java/org/jfree/chart/swing/editor/DefaultAxisEditor.java,6.0,9.0,0.0,1001.0,48.0,711.0,513.0,12.5,12.0,6.0
file:///C:/Users/74993/Desktop/毕设/wll论文/java%20project/defects4j/project_repos/output/jfreechart/src/main/java/org/jfree/chart/swing/editor/DefaultChartEditor.java,4.5,5.5,0.0,719.0,28.0,511.0,267.0,7.5,6.5,5.0
file:///C:/Users/74993/Desktop/毕设/wll论文/java%20project/defects4j/project_repos/output/jfreechart/src/main/java/org/jfree/chart/swing/editor/DefaultLogAxisEditor.java,3.5,2.5,0.0,335.0,19.0,232.0,167.0,2.5,2.5,4.5
file:///C:/Users/74993/Desktop/毕设/wll论文/java%20project/defects4j/project_repos/output/jfreechart/src/main/java/org/jfree/chart/swing/editor/DefaultNumberAxisEditor.java,4.5,3.0,0.5,399.0,20.0,271.0,172.0,5.0,3.5,6.0
file:///C:/Users/74993/Desktop/毕设/wll论文/java%20project/defects4j/project_repos/output/jfreechart/src/main/java/org/jfree/chart/swing/editor/DefaultPlotEditor.java,7.5,14.0,0.0,1695.0,79.0,1102.0,629.0,16.0,14.0,5.5
file:///C:/Users/74993/Desktop/毕设/wll论文/java%20project/defects4j/project_repos/output/jfreechart/src/main/java/org/jfree/chart/swing/editor/DefaultPolarPlotEditor.java,4.5,4.5,0.0,494.0,28.0,349.0,211.0,4.5,4.5,5.0
file:///C:/Users/74993/Desktop/毕设/wll论文/java%20project/defects4j/project_repos/output/jfreechart/src/main/java/org/jfree/chart/swing/editor/DefaultTitleEditor.java,4.5,7.0,0.0,698.0,37.0,504.0,292.0,9.5,7.0,5.0
file:///C:/Users/74993/Desktop/毕设/wll论文/java%20project/defects4j/project_repos/output/jfreechart/src/main/java/org/jfree/chart/swing/editor/DefaultValueAxisEditor.java,5.5,9.0,0.0,976.0,51.0,677.0,420.0,11.0,8.0,5.5
file:///C:/Users/74993/Desktop/毕设/wll论文/java%20project/defects4j/project_repos/output/jfreechart/src/main/java/org/jfree/chart/swing/editor/FontChooserPanel.java,4.5,6.0,0.0,533.0,29.0,371.0,208.0,9.0,5.5,5.0
file:///C:/Users/74993/Desktop/毕设/wll论文/java%20project/defects4j/project_repos/output/jfreechart/src/main/java/org/jfree/chart/swing/editor/FontDisplayField.java,3.5,1.0,0.0,105.0,10.0,65.0,97.0,1.5,0.5,22.0
file:///C:/Users/74993/Desktop/毕设/wll论文/java%20project/defects4j/project_repos/output/jfreechart/src/main/java/org/jfree/chart/swing/editor/LCBLayout.java,5.0,7.0,0.0,848.0,66.0,526.0,264.0,6.5,7.5,4.5
file:///C:/Users/74993/Desktop/毕设/wll论文/java%20project/defects4j/project_repos/output/jfreechart/src/main/java/org/jfree/chart/swing/editor/PaintSample.java,4.0,2.0,0.0,197.0,19.0,147.0,114.0,2.0,2.0,4.5
file:///C:/Users/74993/Desktop/毕设/wll论文/java%20project/defects4j/project_repos/output/jfreechart/src/main/java/org/jfree/chart/swing/editor/StrokeChooserPanel.java,3.5,0.5,0.0,144.0,10.0,99.0,93.0,1.5,1.5,4.5
file:///C:/Users/74993/Desktop/毕设/wll论文/java%20project/defects4j/project_repos/output/jfreechart/src/main/java/org/jfree/chart/swing/editor/StrokeSample.java,3.5,3.0,0.0,349.0,29.0,246.0,163.0,4.0,3.0,5.0
file:///C:/Users/74993/Desktop/毕设/wll论文/java%20project/defects4j/project_repos/output/jfreechart/src/main/java/org/jfree/chart/swing/MouseWheelHandler.java,4.5,4.0,0.5,298.0,24.0,202.0,152.0,4.5,3.5,5.5
file:///C:/Users/74993/Desktop/毕设/wll论文/java%20project/defects4j/project_repos/output/jfreechart/src/main/java/org/jfree/chart/text/format/HexNumberFormat.java,6.0,1.5,0.0,192.0,27.0,105.0,156.0,3.5,1.5,4.5
file:///C:/Users/74993/Desktop/毕设/wll论文/java%20project/defects4j/project_repos/output/jfreechart/src/main/java/org/jfree/chart/text/format/HMSNumberFormat.java,4.0,2.0,0.0,160.0,19.0,96.0,115.0,1.5,1.0,4.0
file:///C:/Users/74993/Desktop/毕设/wll论文/java%20project/defects4j/project_repos/output/jfreechart/src/main/java/org/jfree/chart/text/format/LogFormat.java,4.0,2.5,0.0,416.0,40.0,264.0,243.0,4.0,3.0,4.5
file:///C:/Users/74993/Desktop/毕设/wll论文/java%20project/defects4j/project_repos/output/jfreechart/src/main/java/org/jfree/chart/text/format/RelativeDateFormat.java,6.0,8.5,0.0,977.0,73.0,576.0,550.0,9.0,8.5,5.5
file:///C:/Users/74993/Desktop/毕设/wll论文/java%20project/defects4j/project_repos/output/jfreechart/src/main/java/org/jfree/chart/text/G2TextMeasurer.java,4.0,0.5,0.0,85.0,11.0,61.0,71.0,0.0,0.5,5.0
file:///C:/Users/74993/Desktop/毕设/wll论文/java%20project/defects4j/project_repos/output/jfreechart/src/main/java/org/jfree/chart/text/TextBlock.java,4.0,6.0,0.5,725.0,66.0,435.0,307.0,6.5,6.5,5.5
file:///C:/Users/74993/Desktop/毕设/wll论文/java%20project/defects4j/project_repos/output/jfreechart/src/main/java/org/jfree/chart/text/TextBox.java,5.5,9.0,0.0,980.0,65.0,641.0,423.0,9.5,8.5,6.0
file:///C:/Users/74993/Desktop/毕设/wll论文/java%20project/defects4j/project_repos/output/jfreechart/src/main/java/org/jfree/chart/text/TextFragment.java,4.5,5.0,0.0,597.0,54.0,391.0,295.0,7.5,5.5,5.0
file:///C:/Users/74993/Desktop/毕设/wll论文/java%20project/defects4j/project_repos/output/jfreechart/src/main/java/org/jfree/chart/text/TextLine.java,3.5,3.5,0.0,527.0,52.0,320.0,243.0,4.5,4.0,4.5
file:///C:/Users/74993/Desktop/毕设/wll论文/java%20project/defects4j/project_repos/output/jfreechart/src/main/java/org/jfree/chart/title/CompositeTitle.java,5.0,4.0,0.0,427.0,34.0,293.0,244.0,5.0,3.5,5.0
file:///C:/Users/74993/Desktop/毕设/wll论文/java%20project/defects4j/project_repos/output/jfreechart/src/main/java/org/jfree/chart/title/ImageTitle.java,6.0,5.5,0.0,813.0,61.0,473.0,364.0,5.5,6.0,6.0
file:///C:/Users/74993/Desktop/毕设/wll论文/java%20project/defects4j/project_repos/output/jfreechart/src/main/java/org/jfree/chart/title/TextTitle.java,6.5,17.0,0.0,2132.0,127.0,1453.0,857.0,17.0,15.5,7.0
file:///C:/Users/74993/Desktop/毕设/wll论文/java%20project/defects4j/project_repos/output/jfreechart/src/main/java/org/jfree/chart/title/Title.java,3.5,5.5,0.0,738.0,61.0,484.0,438.0,9.0,5.5,4.0
file:///C:/Users/74993/Desktop/毕设/wll论文/java%20project/defects4j/project_repos/output/jfreechart/src/main/java/org/jfree/chart/urls/CustomCategoryURLGenerator.java,4.5,2.5,0.5,364.0,31.0,186.0,194.0,2.5,2.5,4.5
file:///C:/Users/74993/Desktop/毕设/wll论文/java%20project/defects4j/project_repos/output/jfreechart/src/main/java/org/jfree/chart/urls/CustomPieURLGenerator.java,4.0,2.5,0.0,369.0,29.0,216.0,206.0,2.5,2.0,3.0
file:///C:/Users/74993/Desktop/毕设/wll论文/java%20project/defects4j/project_repos/output/jfreechart/src/main/java/org/jfree/chart/urls/CustomXYURLGenerator.java,3.5,2.5,0.0,360.0,32.0,190.0,211.0,3.0,2.5,4.0
file:///C:/Users/74993/Desktop/毕设/wll论文/java%20project/defects4j/project_repos/output/jfreechart/src/main/java/org/jfree/chart/urls/StandardCategoryURLGenerator.java,3.5,2.5,0.0,369.0,27.0,221.0,199.0,2.0,3.5,4.5
file:///C:/Users/74993/Desktop/毕设/wll论文/java%20project/defects4j/project_repos/output/jfreechart/src/main/java/org/jfree/chart/urls/StandardPieURLGenerator.java,4.0,2.0,0.0,306.0,24.0,176.0,166.0,2.0,1.5,3.5
file:///C:/Users/74993/Desktop/毕设/wll论文/java%20project/defects4j/project_repos/output/jfreechart/src/main/java/org/jfree/chart/urls/StandardXYURLGenerator.java,2.5,2.0,0.0,253.0,24.0,152.0,158.0,2.5,1.5,4.5
file:///C:/Users/74993/Desktop/毕设/wll论文/java%20project/defects4j/project_repos/output/jfreechart/src/main/java/org/jfree/chart/urls/TimeSeriesURLGenerator.java,4.5,3.5,0.0,382.0,30.0,230.0,204.0,3.0,2.5,5.0
file:///C:/Users/74993/Desktop/毕设/wll论文/java%20project/defects4j/project_repos/output/jfreechart/src/main/java/org/jfree/chart/util/DefaultShadowGenerator.java,4.5,7.0,0.0,796.0,59.0,446.0,326.0,6.0,6.0,5.5
file:///C:/Users/74993/Desktop/毕设/wll论文/java%20project/defects4j/project_repos/output/jfreechart/src/main/java/org/jfree/chart/util/StandardGradientPaintTransformer.java,4.5,3.5,0.0,341.0,17.0,214.0,172.0,4.0,2.5,4.5
file:///C:/Users/74993/Desktop/毕设/wll论文/java%20project/defects4j/project_repos/output/jfreechart/src/main/java/org/jfree/data/category/CategoryToPieDataset.java,4.0,4.5,0.0,619.0,40.0,376.0,324.0,7.0,5.5,4.0
file:///C:/Users/74993/Desktop/毕设/wll论文/java%20project/defects4j/project_repos/output/jfreechart/src/main/java/org/jfree/data/category/DefaultCategoryDataset.java,3.5,4.5,0.0,638.0,68.0,362.0,444.0,6.0,6.5,6.0
file:///C:/Users/74993/Desktop/毕设/wll论文/java%20project/defects4j/project_repos/output/jfreechart/src/main/java/org/jfree/data/category/DefaultIntervalCategoryDataset.java,13.0,12.0,0.0,1538.0,115.0,752.0,807.0,11.0,9.5,6.5
file:///C:/Users/74993/Desktop/毕设/wll论文/java%20project/defects4j/project_repos/output/jfreechart/src/main/java/org/jfree/data/category/SlidingCategoryDataset.java,3.5,4.0,0.0,629.0,49.0,362.0,371.0,4.0,4.0,4.0
file:///C:/Users/74993/Desktop/毕设/wll论文/java%20project/defects4j/project_repos/output/jfreechart/src/main/java/org/jfree/data/ComparableObjectItem.java,3.0,1.5,0.0,214.0,19.0,127.0,169.0,2.0,2.0,4.5
file:///C:/Users/74993/Desktop/毕设/wll论文/java%20project/defects4j/project_repos/output/jfreechart/src/main/java/org/jfree/data/ComparableObjectSeries.java,5.5,7.0,0.0,880.0,67.0,477.0,460.0,8.5,6.5,5.5
file:///C:/Users/74993/Desktop/毕设/wll论文/java%20project/defects4j/project_repos/output/jfreechart/src/main/java/org/jfree/data/DefaultKeyedValue.java,3.0,2.0,0.0,238.0,18.0,143.0,164.0,1.5,1.0,3.5
file:///C:/Users/74993/Desktop/毕设/wll论文/java%20project/defects4j/project_repos/output/jfreechart/src/main/java/org/jfree/data/DefaultKeyedValues.java,5.0,6.5,0.0,960.0,77.0,562.0,452.0,8.0,7.0,3.5
file:///C:/Users/74993/Desktop/毕设/wll论文/java%20project/defects4j/project_repos/output/jfreechart/src/main/java/org/jfree/data/DefaultKeyedValues2D.java,5.0,8.5,0.5,1123.0,85.0,630.0,559.0,7.5,8.5,4.5
file:///C:/Users/74993/Desktop/毕设/wll论文/java%20project/defects4j/project_repos/output/jfreechart/src/main/java/org/jfree/data/flow/DefaultFlowDataset.java,7.0,10.5,0.0,981.0,62.0,579.0,376.0,9.0,9.5,7.0
file:///C:/Users/74993/Desktop/毕设/wll论文/java%20project/defects4j/project_repos/output/jfreechart/src/main/java/org/jfree/data/flow/FlowKey.java,3.0,2.0,0.0,271.0,19.0,157.0,173.0,4.5,3.0,5.5
file:///C:/Users/74993/Desktop/毕设/wll论文/java%20project/defects4j/project_repos/output/jfreechart/src/main/java/org/jfree/data/flow/NodeKey.java,3.5,1.5,0.0,217.0,16.0,120.0,154.0,2.5,2.0,5.0
file:///C:/Users/74993/Desktop/毕设/wll论文/java%20project/defects4j/project_repos/output/jfreechart/src/main/java/org/jfree/data/function/LineFunction2D.java,4.5,1.5,0.0,156.0,15.0,92.0,133.0,1.0,1.5,4.5
file:///C:/Users/74993/Desktop/毕设/wll论文/java%20project/defects4j/project_repos/output/jfreechart/src/main/java/org/jfree/data/function/NormalDistributionFunction2D.java,2.5,1.5,0.0,210.0,18.0,120.0,144.0,1.0,1.0,4.0
file:///C:/Users/74993/Desktop/毕设/wll论文/java%20project/defects4j/project_repos/output/jfreechart/src/main/java/org/jfree/data/function/PolynomialFunction2D.java,3.5,1.5,0.0,168.0,14.0,98.0,128.0,2.0,2.0,5.0
file:///C:/Users/74993/Desktop/毕设/wll论文/java%20project/defects4j/project_repos/output/jfreechart/src/main/java/org/jfree/data/function/PowerFunction2D.java,3.0,0.5,0.0,158.0,15.0,95.0,133.0,1.0,1.5,5.0
file:///C:/Users/74993/Desktop/毕设/wll论文/java%20project/defects4j/project_repos/output/jfreechart/src/main/java/org/jfree/data/gantt/SlidingGanttCategoryDataset.java,95.0,9.0,0.0,1191.0,109.0,650.0,663.0,86.0,0.0,0.0
file:///C:/Users/74993/Desktop/毕设/wll论文/java%20project/defects4j/project_repos/output/jfreechart/src/main/java/org/jfree/data/gantt/Task.java,3.0,3.0,0.0,425.0,38.0,274.0,256.0,2.5,2.5,3.5
file:///C:/Users/74993/Desktop/毕设/wll论文/java%20project/defects4j/project_repos/output/jfreechart/src/main/java/org/jfree/data/gantt/TaskSeries.java,3.5,1.5,0.0,286.0,24.0,169.0,198.0,2.0,2.0,5.0
file:///C:/Users/74993/Desktop/毕设/wll论文/java%20project/defects4j/project_repos/output/jfreechart/src/main/java/org/jfree/data/gantt/TaskSeriesCollection.java,6.0,11.0,0.0,1500.0,164.0,890.0,693.0,11.0,10.0,6.5
file:///C:/Users/74993/Desktop/毕设/wll论文/java%20project/defects4j/project_repos/output/jfreechart/src/main/java/org/jfree/data/gantt/XYTaskDataset.java,4.5,5.5,0.0,822.0,91.0,459.0,485.0,6.5,6.0,5.5
file:///C:/Users/74993/Desktop/毕设/wll论文/java%20project/defects4j/project_repos/output/jfreechart/src/main/java/org/jfree/data/general/AbstractDataset.java,3.5,2.0,0.0,280.0,27.0,171.0,240.0,2.5,2.0,3.5
file:///C:/Users/74993/Desktop/毕设/wll论文/java%20project/defects4j/project_repos/output/jfreechart/src/main/java/org/jfree/data/general/DatasetChangeEvent.java,2.0,0.5,0.0,39.0,6.0,28.0,86.0,0.0,0.5,3.0
file:///C:/Users/74993/Desktop/毕设/wll论文/java%20project/defects4j/project_repos/output/jfreechart/src/main/java/org/jfree/data/general/DefaultHeatMapDataset.java,5.0,4.0,0.0,556.0,48.0,299.0,335.0,3.0,2.5,3.5
file:///C:/Users/74993/Desktop/毕设/wll论文/java%20project/defects4j/project_repos/output/jfreechart/src/main/java/org/jfree/data/general/DefaultKeyedValueDataset.java,2.5,1.5,0.0,303.0,24.0,166.0,198.0,2.0,1.5,4.0
file:///C:/Users/74993/Desktop/毕设/wll论文/java%20project/defects4j/project_repos/output/jfreechart/src/main/java/org/jfree/data/general/DefaultPieDataset.java,4.5,5.0,0.0,551.0,50.0,326.0,353.0,4.5,4.0,4.5
file:///C:/Users/74993/Desktop/毕设/wll论文/java%20project/defects4j/project_repos/output/jfreechart/src/main/java/org/jfree/data/general/DefaultValueDataset.java,3.5,1.0,0.0,154.0,15.0,92.0,142.0,0.5,1.0,5.0
file:///C:/Users/74993/Desktop/毕设/wll论文/java%20project/defects4j/project_repos/output/jfreechart/src/main/java/org/jfree/data/general/Series.java,2.5,2.0,0.0,315.0,28.0,171.0,245.0,2.5,3.0,3.0
file:///C:/Users/74993/Desktop/毕设/wll论文/java%20project/defects4j/project_repos/output/jfreechart/src/main/java/org/jfree/data/general/WaferMapDataset.java,3.0,3.5,0.5,459.0,56.0,257.0,307.0,4.5,3.0,4.5
file:///C:/Users/74993/Desktop/毕设/wll论文/java%20project/defects4j/project_repos/output/jfreechart/src/main/java/org/jfree/data/io/CSV.java,5.0,2.5,0.0,429.0,36.0,259.0,201.0,2.5,3.0,3.5
file:///C:/Users/74993/Desktop/毕设/wll论文/java%20project/defects4j/project_repos/output/jfreechart/src/main/java/org/jfree/data/KeyedObject.java,3.5,2.0,0.0,221.0,19.0,137.0,156.0,2.5,2.0,5.0
file:///C:/Users/74993/Desktop/毕设/wll论文/java%20project/defects4j/project_repos/output/jfreechart/src/main/java/org/jfree/data/KeyedObjects.java,5.0,5.5,0.5,628.0,57.0,341.0,342.0,5.5,5.5,6.0
file:///C:/Users/74993/Desktop/毕设/wll论文/java%20project/defects4j/project_repos/output/jfreechart/src/main/java/org/jfree/data/KeyedObjects2D.java,5.5,10.0,0.0,1104.0,86.0,604.0,502.0,11.0,8.0,5.5
file:///C:/Users/74993/Desktop/毕设/wll论文/java%20project/defects4j/project_repos/output/jfreechart/src/main/java/org/jfree/data/KeyedValueComparator.java,2.5,1.5,0.0,297.0,16.0,167.0,165.0,2.0,1.5,3.5
file:///C:/Users/74993/Desktop/毕设/wll论文/java%20project/defects4j/project_repos/output/jfreechart/src/main/java/org/jfree/data/KeyedValues2DItemKey.java,3.0,2.5,0.0,313.0,20.0,194.0,156.0,4.5,2.0,3.5
file:///C:/Users/74993/Desktop/毕设/wll论文/java%20project/defects4j/project_repos/output/jfreechart/src/main/java/org/jfree/data/KeyedValuesItemKey.java,3.0,1.5,0.0,190.0,14.0,113.0,117.0,4.0,0.5,2.5
file:///C:/Users/74993/Desktop/毕设/wll论文/java%20project/defects4j/project_repos/output/jfreechart/src/main/java/org/jfree/data/KeyToGroupMap.java,4.0,5.5,0.0,679.0,48.0,396.0,312.0,5.0,4.5,4.0
file:///C:/Users/74993/Desktop/毕设/wll论文/java%20project/defects4j/project_repos/output/jfreechart/src/main/java/org/jfree/data/Range.java,4.0,4.5,0.0,843.0,68.0,441.0,454.0,5.0,5.0,3.5
file:///C:/Users/74993/Desktop/毕设/wll论文/java%20project/defects4j/project_repos/output/jfreechart/src/main/java/org/jfree/data/statistics/BoxAndWhiskerItem.java,4.0,3.0,0.0,591.0,46.0,385.0,296.0,4.0,3.5,3.5
file:///C:/Users/74993/Desktop/毕设/wll论文/java%20project/defects4j/project_repos/output/jfreechart/src/main/java/org/jfree/data/statistics/DefaultBoxAndWhiskerCategoryDataset.java,15.0,16.0,0.0,1732.0,168.0,1026.0,938.0,19.5,15.0,7.5
file:///C:/Users/74993/Desktop/毕设/wll论文/java%20project/defects4j/project_repos/output/jfreechart/src/main/java/org/jfree/data/statistics/DefaultBoxAndWhiskerXYDataset.java,6.0,6.5,0.0,970.0,96.0,555.0,567.0,7.5,7.5,6.0
file:///C:/Users/74993/Desktop/毕设/wll论文/java%20project/defects4j/project_repos/output/jfreechart/src/main/java/org/jfree/data/statistics/DefaultMultiValueCategoryDataset.java,8.0,8.5,0.0,850.0,65.0,506.0,413.0,9.5,9.5,6.5
file:///C:/Users/74993/Desktop/毕设/wll论文/java%20project/defects4j/project_repos/output/jfreechart/src/main/java/org/jfree/data/statistics/DefaultStatisticalCategoryDataset.java,9.0,15.5,0.0,1533.0,105.0,959.0,728.0,15.0,17.0,6.5
file:///C:/Users/74993/Desktop/毕设/wll论文/java%20project/defects4j/project_repos/output/jfreechart/src/main/java/org/jfree/data/statistics/HistogramBin.java,4.0,1.5,0.0,252.0,22.0,138.0,173.0,2.5,1.5,4.5
file:///C:/Users/74993/Desktop/毕设/wll论文/java%20project/defects4j/project_repos/output/jfreechart/src/main/java/org/jfree/data/statistics/HistogramDataset.java,5.5,7.0,0.0,1034.0,91.0,575.0,499.0,10.0,10.0,5.5
file:///C:/Users/74993/Desktop/毕设/wll论文/java%20project/defects4j/project_repos/output/jfreechart/src/main/java/org/jfree/data/statistics/MeanAndStandardDeviation.java,4.0,1.5,0.0,248.0,22.0,143.0,180.0,3.0,2.5,5.0
file:///C:/Users/74993/Desktop/毕设/wll论文/java%20project/defects4j/project_repos/output/jfreechart/src/main/java/org/jfree/data/statistics/SimpleHistogramBin.java,4.5,4.0,0.0,506.0,33.0,273.0,281.0,4.0,3.5,4.5
file:///C:/Users/74993/Desktop/毕设/wll论文/java%20project/defects4j/project_repos/output/jfreechart/src/main/java/org/jfree/data/statistics/SimpleHistogramDataset.java,6.0,6.5,0.0,794.0,80.0,448.0,492.0,6.0,6.5,5.5
file:///C:/Users/74993/Desktop/毕设/wll论文/java%20project/defects4j/project_repos/output/jfreechart/src/main/java/org/jfree/data/time/DateRange.java,4.0,1.5,0.0,186.0,19.0,116.0,164.0,1.5,2.0,5.5
file:///C:/Users/74993/Desktop/毕设/wll论文/java%20project/defects4j/project_repos/output/jfreechart/src/main/java/org/jfree/data/time/Day.java,5.5,5.0,0.0,741.0,69.0,456.0,476.0,9.5,21.0,6.5
file:///C:/Users/74993/Desktop/毕设/wll论文/java%20project/defects4j/project_repos/output/jfreechart/src/main/java/org/jfree/data/time/DynamicTimeSeriesCollection.java,8.5,15.5,0.5,1791.0,164.0,1008.0,948.0,15.0,14.5,8.5
file:///C:/Users/74993/Desktop/毕设/wll论文/java%20project/defects4j/project_repos/output/jfreechart/src/main/java/org/jfree/data/time/FixedMillisecond.java,4.5,2.5,0.0,338.0,36.0,176.0,292.0,3.0,3.0,5.5
file:///C:/Users/74993/Desktop/毕设/wll论文/java%20project/defects4j/project_repos/output/jfreechart/src/main/java/org/jfree/data/time/Hour.java,6.0,8.5,0.0,859.0,70.0,497.0,485.0,9.5,8.0,6.0
file:///C:/Users/74993/Desktop/毕设/wll论文/java%20project/defects4j/project_repos/output/jfreechart/src/main/java/org/jfree/data/time/Millisecond.java,5.5,8.0,0.0,884.0,68.0,528.0,453.0,10.0,8.0,5.5
file:///C:/Users/74993/Desktop/毕设/wll论文/java%20project/defects4j/project_repos/output/jfreechart/src/main/java/org/jfree/data/time/Minute.java,5.5,8.5,0.0,951.0,76.0,565.0,492.0,11.0,8.5,6.5
file:///C:/Users/74993/Desktop/毕设/wll论文/java%20project/defects4j/project_repos/output/jfreechart/src/main/java/org/jfree/data/time/Month.java,6.0,8.0,0.0,975.0,68.0,543.0,538.0,8.5,8.0,6.0
file:///C:/Users/74993/Desktop/毕设/wll论文/java%20project/defects4j/project_repos/output/jfreechart/src/main/java/org/jfree/data/time/ohlc/OHLC.java,6.0,1.5,0.0,221.0,19.0,132.0,159.0,1.5,2.0,4.5
file:///C:/Users/74993/Desktop/毕设/wll论文/java%20project/defects4j/project_repos/output/jfreechart/src/main/java/org/jfree/data/time/ohlc/OHLCSeriesCollection.java,8.0,7.5,0.0,847.0,87.0,516.0,495.0,8.5,8.0,7.0
file:///C:/Users/74993/Desktop/毕设/wll论文/java%20project/defects4j/project_repos/output/jfreechart/src/main/java/org/jfree/data/time/Quarter.java,5.0,6.0,0.0,868.0,65.0,504.0,491.0,7.0,6.0,6.0
file:///C:/Users/74993/Desktop/毕设/wll论文/java%20project/defects4j/project_repos/output/jfreechart/src/main/java/org/jfree/data/time/Second.java,5.5,8.0,0.0,905.0,74.0,533.0,454.0,9.5,8.5,7.0
file:///C:/Users/74993/Desktop/毕设/wll论文/java%20project/defects4j/project_repos/output/jfreechart/src/main/java/org/jfree/data/time/SimpleTimePeriod.java,4.5,3.5,0.0,312.0,27.0,149.0,208.0,3.0,2.5,5.0
file:///C:/Users/74993/Desktop/毕设/wll论文/java%20project/defects4j/project_repos/output/jfreechart/src/main/java/org/jfree/data/time/TimePeriodValue.java,5.0,2.0,0.0,268.0,23.0,146.0,187.0,3.5,2.5,5.0
file:///C:/Users/74993/Desktop/毕设/wll论文/java%20project/defects4j/project_repos/output/jfreechart/src/main/java/org/jfree/data/time/TimePeriodValues.java,6.5,9.0,0.0,965.0,78.0,524.0,471.0,10.0,10.0,6.5
file:///C:/Users/74993/Desktop/毕设/wll论文/java%20project/defects4j/project_repos/output/jfreechart/src/main/java/org/jfree/data/time/TimePeriodValuesCollection.java,7.5,11.0,0.5,958.0,82.0,575.0,448.0,10.5,10.0,7.0
file:///C:/Users/74993/Desktop/毕设/wll论文/java%20project/defects4j/project_repos/output/jfreechart/src/main/java/org/jfree/data/time/TimeSeries.java,13.0,24.5,0.0,2738.0,212.0,1548.0,1246.0,30.0,23.0,6.0
file:///C:/Users/74993/Desktop/毕设/wll论文/java%20project/defects4j/project_repos/output/jfreechart/src/main/java/org/jfree/data/time/TimeSeriesCollection.java,6.5,9.5,0.0,1472.0,135.0,877.0,716.0,11.0,9.5,6.5
file:///C:/Users/74993/Desktop/毕设/wll论文/java%20project/defects4j/project_repos/output/jfreechart/src/main/java/org/jfree/data/time/TimeSeriesDataItem.java,3.5,2.0,0.0,258.0,24.0,149.0,207.0,3.5,2.0,4.0
file:///C:/Users/74993/Desktop/毕设/wll论文/java%20project/defects4j/project_repos/output/jfreechart/src/main/java/org/jfree/data/time/TimeSeriesTableModel.java,6.5,1.0,1.0,374.0,31.0,174.0,267.0,1.5,2.0,3.0
file:///C:/Users/74993/Desktop/毕设/wll论文/java%20project/defects4j/project_repos/output/jfreechart/src/main/java/org/jfree/data/time/TimeTableXYDataset.java,4.5,6.5,0.5,1015.0,98.0,601.0,605.0,7.0,7.0,4.5
file:///C:/Users/74993/Desktop/毕设/wll论文/java%20project/defects4j/project_repos/output/jfreechart/src/main/java/org/jfree/data/time/Week.java,4.5,8.5,0.0,1281.0,80.0,751.0,659.0,10.5,8.5,4.0
file:///C:/Users/74993/Desktop/毕设/wll论文/java%20project/defects4j/project_repos/output/jfreechart/src/main/java/org/jfree/data/time/Year.java,4.0,4.0,0.0,526.0,47.0,295.0,407.0,7.0,4.5,6.0
file:///C:/Users/74993/Desktop/毕设/wll论文/java%20project/defects4j/project_repos/output/jfreechart/src/main/java/org/jfree/data/xml/CategoryDatasetHandler.java,15.0,1.5,0.0,206.0,20.0,137.0,136.0,3.0,1.5,5.0
file:///C:/Users/74993/Desktop/毕设/wll论文/java%20project/defects4j/project_repos/output/jfreechart/src/main/java/org/jfree/data/xml/CategorySeriesHandler.java,4.5,2.5,0.0,234.0,25.0,165.0,146.0,3.0,3.0,5.5
file:///C:/Users/74993/Desktop/毕设/wll论文/java%20project/defects4j/project_repos/output/jfreechart/src/main/java/org/jfree/data/xml/DatasetReader.java,4.5,4.0,0.0,286.0,24.0,192.0,173.0,7.0,3.5,4.5
file:///C:/Users/74993/Desktop/毕设/wll论文/java%20project/defects4j/project_repos/output/jfreechart/src/main/java/org/jfree/data/xml/DatasetTags.java,3.5,0.0,0.0,32.0,7.0,18.0,66.0,2.5,0.0,3.0
file:///C:/Users/74993/Desktop/毕设/wll论文/java%20project/defects4j/project_repos/output/jfreechart/src/main/java/org/jfree/data/xml/ItemHandler.java,2.5,1.5,0.0,245.0,27.0,175.0,166.0,1.5,1.5,3.0
file:///C:/Users/74993/Desktop/毕设/wll论文/java%20project/defects4j/project_repos/output/jfreechart/src/main/java/org/jfree/data/xml/KeyHandler.java,2.5,1.5,0.0,209.0,22.0,134.0,159.0,0.5,2.0,3.0
file:///C:/Users/74993/Desktop/毕设/wll论文/java%20project/defects4j/project_repos/output/jfreechart/src/main/java/org/jfree/data/xml/PieDatasetHandler.java,4.0,1.5,0.0,194.0,19.0,131.0,131.0,2.5,2.0,4.5
file:///C:/Users/74993/Desktop/毕设/wll论文/java%20project/defects4j/project_repos/output/jfreechart/src/main/java/org/jfree/data/xml/RootHandler.java,3.5,0.5,0.0,151.0,15.0,91.0,126.0,1.5,1.5,4.5
file:///C:/Users/74993/Desktop/毕设/wll论文/java%20project/defects4j/project_repos/output/jfreechart/src/main/java/org/jfree/data/xml/ValueHandler.java,5.0,2.0,0.0,234.0,24.0,140.0,164.0,1.5,2.0,4.0
file:///C:/Users/74993/Desktop/毕设/wll论文/java%20project/defects4j/project_repos/output/jfreechart/src/main/java/org/jfree/data/xy/CategoryTableXYDataset.java,6.5,5.0,0.0,588.0,65.0,336.0,416.0,4.5,5.0,5.5
file:///C:/Users/74993/Desktop/毕设/wll论文/java%20project/defects4j/project_repos/output/jfreechart/src/main/java/org/jfree/data/xy/DefaultHighLowDataset.java,5.0,3.5,0.5,672.0,77.0,370.0,430.0,4.5,4.5,3.5
file:///C:/Users/74993/Desktop/毕设/wll论文/java%20project/defects4j/project_repos/output/jfreechart/src/main/java/org/jfree/data/xy/DefaultIntervalXYDataset.java,4.5,6.5,0.0,1042.0,93.0,524.0,552.0,6.0,6.0,3.5
file:///C:/Users/74993/Desktop/毕设/wll论文/java%20project/defects4j/project_repos/output/jfreechart/src/main/java/org/jfree/data/xy/DefaultOHLCDataset.java,4.5,3.5,0.0,537.0,66.0,297.0,346.0,2.5,3.5,3.5
file:///C:/Users/74993/Desktop/毕设/wll论文/java%20project/defects4j/project_repos/output/jfreechart/src/main/java/org/jfree/data/xy/DefaultTableXYDataset.java,5.5,8.0,0.0,1288.0,99.0,759.0,634.0,9.0,8.0,4.5
file:///C:/Users/74993/Desktop/毕设/wll论文/java%20project/defects4j/project_repos/output/jfreechart/src/main/java/org/jfree/data/xy/DefaultWindDataset.java,4.0,5.0,0.0,800.0,71.0,453.0,426.0,7.0,5.5,4.5
file:///C:/Users/74993/Desktop/毕设/wll论文/java%20project/defects4j/project_repos/output/jfreechart/src/main/java/org/jfree/data/xy/DefaultXYDataset.java,3.5,4.0,0.0,708.0,54.0,368.0,381.0,4.5,5.5,5.0
file:///C:/Users/74993/Desktop/毕设/wll论文/java%20project/defects4j/project_repos/output/jfreechart/src/main/java/org/jfree/data/xy/DefaultXYZDataset.java,4.5,4.5,0.0,804.0,65.0,428.0,426.0,5.0,5.0,4.0
file:///C:/Users/74993/Desktop/毕设/wll论文/java%20project/defects4j/project_repos/output/jfreechart/src/main/java/org/jfree/data/xy/IntervalXYDelegate.java,4.0,4.5,0.0,774.0,70.0,433.0,469.0,5.0,4.5,4.0
file:///C:/Users/74993/Desktop/毕设/wll论文/java%20project/defects4j/project_repos/output/jfreechart/src/main/java/org/jfree/data/xy/MatrixSeries.java,3.0,1.5,0.0,339.0,35.0,149.0,228.0,4.5,2.0,4.0
file:///C:/Users/74993/Desktop/毕设/wll论文/java%20project/defects4j/project_repos/output/jfreechart/src/main/java/org/jfree/data/xy/MatrixSeriesCollection.java,6.0,3.5,0.0,474.0,40.0,292.0,314.0,5.5,4.5,6.0
file:///C:/Users/74993/Desktop/毕设/wll论文/java%20project/defects4j/project_repos/output/jfreechart/src/main/java/org/jfree/data/xy/NormalizedMatrixSeries.java,4.0,1.0,0.0,153.0,22.0,89.0,148.0,3.5,0.5,4.5
file:///C:/Users/74993/Desktop/毕设/wll论文/java%20project/defects4j/project_repos/output/jfreechart/src/main/java/org/jfree/data/xy/OHLCDataItem.java,2.5,1.0,0.0,276.0,27.0,167.0,202.0,1.0,2.0,3.5
file:///C:/Users/74993/Desktop/毕设/wll论文/java%20project/defects4j/project_repos/output/jfreechart/src/main/java/org/jfree/data/xy/Vector.java,3.5,1.0,0.0,203.0,16.0,109.0,148.0,1.5,1.0,4.0
file:///C:/Users/74993/Desktop/毕设/wll论文/java%20project/defects4j/project_repos/output/jfreechart/src/main/java/org/jfree/data/xy/VectorSeriesCollection.java,5.0,3.5,0.0,546.0,55.0,340.0,331.0,4.0,4.0,4.5
file:///C:/Users/74993/Desktop/毕设/wll论文/java%20project/defects4j/project_repos/output/jfreechart/src/main/java/org/jfree/data/xy/XIntervalSeriesCollection.java,6.0,4.0,0.0,662.0,67.0,421.0,388.0,6.0,5.0,7.0
file:///C:/Users/74993/Desktop/毕设/wll论文/java%20project/defects4j/project_repos/output/jfreechart/src/main/java/org/jfree/data/xy/XYBarDataset.java,6.0,5.0,0.0,544.0,63.0,304.0,385.0,5.0,4.5,6.5
file:///C:/Users/74993/Desktop/毕设/wll论文/java%20project/defects4j/project_repos/output/jfreechart/src/main/java/org/jfree/data/xy/XYCoordinate.java,3.0,1.5,0.0,267.0,19.0,130.0,169.0,2.0,1.5,4.0
file:///C:/Users/74993/Desktop/毕设/wll论文/java%20project/defects4j/project_repos/output/jfreechart/src/main/java/org/jfree/data/xy/XYDataItem.java,4.0,2.0,0.0,355.0,32.0,188.0,243.0,2.5,2.5,4.5
file:///C:/Users/74993/Desktop/毕设/wll论文/java%20project/defects4j/project_repos/output/jfreechart/src/main/java/org/jfree/data/xy/XYDatasetTableModel.java,4.0,1.5,0.0,258.0,23.0,135.0,258.0,4.5,2.0,5.0
file:///C:/Users/74993/Desktop/毕设/wll论文/java%20project/defects4j/project_repos/output/jfreechart/src/main/java/org/jfree/data/xy/XYInterval.java,5.0,1.5,0.0,194.0,20.0,105.0,159.0,1.5,0.5,5.0
file:///C:/Users/74993/Desktop/毕设/wll论文/java%20project/defects4j/project_repos/output/jfreechart/src/main/java/org/jfree/data/xy/XYIntervalSeriesCollection.java,6.5,6.5,0.0,621.0,64.0,369.0,386.0,5.5,5.5,6.0
file:///C:/Users/74993/Desktop/毕设/wll论文/java%20project/defects4j/project_repos/output/jfreechart/src/main/java/org/jfree/data/xy/XYItemKey.java,3.5,2.5,0.0,296.0,20.0,180.0,154.0,3.0,2.5,5.5
file:///C:/Users/74993/Desktop/毕设/wll论文/java%20project/defects4j/project_repos/output/jfreechart/src/main/java/org/jfree/data/xy/XYSeries.java,9.0,16.0,0.5,1915.0,153.0,1092.0,963.0,19.5,16.5,6.0
file:///C:/Users/74993/Desktop/毕设/wll论文/java%20project/defects4j/project_repos/output/jfreechart/src/main/java/org/jfree/data/xy/XYSeriesCollection.java,9.0,16.5,0.0,1567.0,130.0,906.0,756.0,16.5,16.0,8.0
file:///C:/Users/74993/Desktop/毕设/wll论文/java%20project/defects4j/project_repos/output/jfreechart/src/main/java/org/jfree/data/xy/YInterval.java,3.0,1.5,0.5,138.0,14.0,73.0,124.0,1.0,1.5,4.5
file:///C:/Users/74993/Desktop/毕设/wll论文/java%20project/defects4j/project_repos/output/jfreechart/src/main/java/org/jfree/data/xy/YIntervalSeriesCollection.java,6.5,6.5,0.0,559.0,58.0,350.0,348.0,6.5,5.5,7.0
file:///C:/Users/74993/Desktop/毕设/wll论文/java%20project/defects4j/project_repos/output/jfreechart/src/main/java/org/jfree/data/xy/YWithXInterval.java,4.5,0.5,0.0,138.0,14.0,73.0,128.0,1.5,2.0,4.5
file:///C:/Users/74993/Desktop/毕设/wll论文/java%20project/defects4j/project_repos/output/jfreechart/src/test/java/org/jfree/chart/annotations/TextAnnotationTest.java,297.5,5.0,0.0,462.0,18.0,310.0,184.0,6.0,4.0,285.0
file:///C:/Users/74993/Desktop/毕设/wll论文/java%20project/defects4j/project_repos/output/jfreechart/src/test/java/org/jfree/chart/AreaChartTest.java,375.5,5.0,0.0,490.0,33.0,328.0,185.0,5.0,5.0,354.0
file:///C:/Users/74993/Desktop/毕设/wll论文/java%20project/defects4j/project_repos/output/jfreechart/src/test/java/org/jfree/chart/axis/LogarithmicAxisTest.java,794.0,4.0,0.5,643.0,31.0,407.0,239.0,7.5,4.0,793.5
file:///C:/Users/74993/Desktop/毕设/wll论文/java%20project/defects4j/project_repos/output/jfreechart/src/test/java/org/jfree/chart/axis/PeriodAxisTest.java,931.5,10.5,0.5,945.0,37.0,633.0,289.0,10.5,9.5,957.0
file:///C:/Users/74993/Desktop/毕设/wll论文/java%20project/defects4j/project_repos/output/jfreechart/src/test/java/org/jfree/chart/BarChartTest.java,324.0,4.5,0.0,470.0,33.0,307.0,185.0,5.0,5.5,298.0
file:///C:/Users/74993/Desktop/毕设/wll论文/java%20project/defects4j/project_repos/output/jfreechart/src/test/java/org/jfree/chart/encoders/EncoderUtilTest.java,273.0,6.5,0.0,700.0,34.0,431.0,227.0,6.5,6.5,257.0
file:///C:/Users/74993/Desktop/毕设/wll论文/java%20project/defects4j/project_repos/output/jfreechart/src/test/java/org/jfree/chart/GanttChartTest.java,312.5,8.0,0.0,994.0,40.0,647.0,289.0,7.0,7.0,306.0
file:///C:/Users/74993/Desktop/毕设/wll论文/java%20project/defects4j/project_repos/output/jfreechart/src/test/java/org/jfree/chart/internal/SerialUtilsTest.java,52.5,2.5,0.0,367.0,28.0,270.0,129.0,2.5,3.5,50.0
file:///C:/Users/74993/Desktop/毕设/wll论文/java%20project/defects4j/project_repos/output/jfreechart/src/test/java/org/jfree/chart/JFreeChartTest.java,718.0,12.0,0.0,1505.0,73.0,962.0,468.0,13.0,13.0,768.5
file:///C:/Users/74993/Desktop/毕设/wll论文/java%20project/defects4j/project_repos/output/jfreechart/src/test/java/org/jfree/chart/LineChartTest.java,287.0,3.0,0.0,461.0,32.0,309.0,183.0,5.5,3.5,262.0
file:///C:/Users/74993/Desktop/毕设/wll论文/java%20project/defects4j/project_repos/output/jfreechart/src/test/java/org/jfree/chart/PieChartTest.java,104.5,2.0,0.0,176.0,14.0,118.0,118.0,2.0,1.0,107.0
file:///C:/Users/74993/Desktop/毕设/wll论文/java%20project/defects4j/project_repos/output/jfreechart/src/test/java/org/jfree/chart/plot/CategoryMarkerTest.java,461.0,4.0,0.0,611.0,19.0,365.0,195.0,7.0,4.0,466.5
file:///C:/Users/74993/Desktop/毕设/wll论文/java%20project/defects4j/project_repos/output/jfreechart/src/test/java/org/jfree/chart/plot/CombinedDomainCategoryPlotTest.java,545.5,9.0,0.0,861.0,61.0,588.0,276.0,8.5,8.0,535.5
file:///C:/Users/74993/Desktop/毕设/wll论文/java%20project/defects4j/project_repos/output/jfreechart/src/test/java/org/jfree/chart/plot/CombinedDomainXYPlotTest.java,597.0,6.0,0.0,912.0,45.0,570.0,278.0,6.5,6.0,570.0
file:///C:/Users/74993/Desktop/毕设/wll论文/java%20project/defects4j/project_repos/output/jfreechart/src/test/java/org/jfree/chart/plot/CombinedRangeCategoryPlotTest.java,531.0,8.0,0.0,853.0,62.0,574.0,274.0,8.5,9.0,548.5
file:///C:/Users/74993/Desktop/毕设/wll论文/java%20project/defects4j/project_repos/output/jfreechart/src/test/java/org/jfree/chart/plot/CombinedRangeXYPlotTest.java,502.5,6.0,0.0,885.0,42.0,555.0,270.0,6.0,6.0,478.5
file:///C:/Users/74993/Desktop/毕设/wll论文/java%20project/defects4j/project_repos/output/jfreechart/src/test/java/org/jfree/chart/plot/dial/DialPlotTest.java,366.0,5.5,0.0,834.0,43.0,593.0,280.0,7.0,7.0,371.0
file:///C:/Users/74993/Desktop/毕设/wll论文/java%20project/defects4j/project_repos/output/jfreechart/src/test/java/org/jfree/chart/plot/flow/FlowPlotTest.java,115.5,8.0,0.0,878.0,39.0,595.0,277.0,8.0,8.0,120.5
file:///C:/Users/74993/Desktop/毕设/wll论文/java%20project/defects4j/project_repos/output/jfreechart/src/test/java/org/jfree/chart/plot/IntervalMarkerTest.java,531.0,2.5,0.0,364.0,20.0,229.0,149.0,5.5,2.5,527.0
file:///C:/Users/74993/Desktop/毕设/wll论文/java%20project/defects4j/project_repos/output/jfreechart/src/test/java/org/jfree/chart/plot/MarkerTest.java,1511.5,9.0,0.0,1184.0,50.0,760.0,400.0,11.5,8.5,1394.0
file:///C:/Users/74993/Desktop/毕设/wll论文/java%20project/defects4j/project_repos/output/jfreechart/src/test/java/org/jfree/chart/plot/MyPlotChangeListener.java,3.0,0.0,0.0,68.0,8.0,46.0,88.0,0.0,0.0,3.0
file:///C:/Users/74993/Desktop/毕设/wll论文/java%20project/defects4j/project_repos/output/jfreechart/src/test/java/org/jfree/chart/plot/pie/MultiplePiePlotTest.java,97.0,4.0,0.0,603.0,25.0,395.0,195.0,6.5,4.0,99.0
file:///C:/Users/74993/Desktop/毕设/wll论文/java%20project/defects4j/project_repos/output/jfreechart/src/test/java/org/jfree/chart/plot/ValueMarkerTest.java,629.0,5.5,0.5,730.0,26.0,490.0,232.0,9.5,6.5,631.5
file:///C:/Users/74993/Desktop/毕设/wll论文/java%20project/defects4j/project_repos/output/jfreechart/src/test/java/org/jfree/chart/renderer/AbstractRendererTest.java,482.5,23.0,0.0,3203.0,57.0,2170.0,801.0,34.5,23.0,475.5
file:///C:/Users/74993/Desktop/毕设/wll论文/java%20project/defects4j/project_repos/output/jfreechart/src/test/java/org/jfree/chart/renderer/RendererChangeDetector.java,2.5,1.0,0.0,68.0,8.0,42.0,92.0,0.5,0.0,3.5
file:///C:/Users/74993/Desktop/毕设/wll论文/java%20project/defects4j/project_repos/output/jfreechart/src/test/java/org/jfree/chart/ScatterPlotTest.java,204.5,3.0,0.0,417.0,28.0,276.0,172.0,3.0,3.5,204.0
file:///C:/Users/74993/Desktop/毕设/wll论文/java%20project/defects4j/project_repos/output/jfreechart/src/test/java/org/jfree/chart/StackedAreaChartTest.java,292.0,5.5,0.0,470.0,33.0,307.0,179.0,4.0,3.5,313.0
file:///C:/Users/74993/Desktop/毕设/wll论文/java%20project/defects4j/project_repos/output/jfreechart/src/test/java/org/jfree/chart/StackedBarChartTest.java,288.5,3.5,0.0,459.0,33.0,298.0,181.0,6.0,5.0,301.5
file:///C:/Users/74993/Desktop/毕设/wll论文/java%20project/defects4j/project_repos/output/jfreechart/src/test/java/org/jfree/chart/swing/ChartPanelTest.java,464.0,9.5,0.0,1195.0,78.0,757.0,359.0,8.0,8.5,446.0
file:///C:/Users/74993/Desktop/毕设/wll论文/java%20project/defects4j/project_repos/output/jfreechart/src/test/java/org/jfree/chart/TimeSeriesChartTest.java,199.0,3.5,0.0,420.0,28.0,276.0,171.0,4.0,3.5,211.5
file:///C:/Users/74993/Desktop/毕设/wll论文/java%20project/defects4j/project_repos/output/jfreechart/src/test/java/org/jfree/chart/WaterfallChartTest.java,246.0,3.5,0.0,309.0,21.0,212.0,137.0,2.5,3.0,254.0
file:///C:/Users/74993/Desktop/毕设/wll论文/java%20project/defects4j/project_repos/output/jfreechart/src/test/java/org/jfree/chart/XYAreaChartTest.java,227.5,4.5,0.0,416.0,28.0,275.0,170.0,3.5,4.0,222.0
file:///C:/Users/74993/Desktop/毕设/wll论文/java%20project/defects4j/project_repos/output/jfreechart/src/test/java/org/jfree/chart/XYBarChartTest.java,202.5,3.5,0.0,434.0,28.0,289.0,176.0,3.5,3.5,212.5
file:///C:/Users/74993/Desktop/毕设/wll论文/java%20project/defects4j/project_repos/output/jfreechart/src/test/java/org/jfree/chart/XYLineChartTest.java,209.0,4.0,0.0,417.0,28.0,276.0,171.0,3.5,2.5,196.5
file:///C:/Users/74993/Desktop/毕设/wll论文/java%20project/defects4j/project_repos/output/jfreechart/src/test/java/org/jfree/chart/XYStepAreaChartTest.java,200.0,3.5,0.0,412.0,28.0,275.0,170.0,3.5,2.5,212.5
file:///C:/Users/74993/Desktop/毕设/wll论文/java%20project/defects4j/project_repos/output/jfreechart/src/test/java/org/jfree/chart/XYStepChartTest.java,201.5,4.0,0.5,428.0,28.0,285.0,186.0,4.5,4.0,235.0
file:///C:/Users/74993/Desktop/毕设/wll论文/java%20project/defects4j/project_repos/output/jfreechart/src/test/java/org/jfree/data/DatasetChangeConfirmation.java,3.0,0.0,0.0,43.0,5.0,30.0,54.0,3.0,0.5,3.5
file:///C:/Users/74993/Desktop/毕设/wll论文/java%20project/defects4j/project_repos/output/jfreechart/src/test/java/org/jfree/data/general/DefaultHeatMapDatasetTest.java,237.0,5.0,0.0,673.0,17.0,340.0,188.0,5.0,5.5,236.5
file:///C:/Users/74993/Desktop/毕设/wll论文/java%20project/defects4j/project_repos/output/jfreechart/src/test/java/org/jfree/data/general/DefaultPieDatasetTest.java,288.0,2.0,0.0,453.0,24.0,250.0,176.0,2.5,2.5,279.5
file:///C:/Users/74993/Desktop/毕设/wll论文/java%20project/defects4j/project_repos/output/jfreechart/src/test/java/org/jfree/data/general/IntervalDataItem.java,2.5,0.5,0.0,65.0,11.0,41.0,69.0,1.5,1.0,4.0
file:///C:/Users/74993/Desktop/毕设/wll论文/java%20project/defects4j/project_repos/output/jfreechart/src/test/java/org/jfree/data/general/TestIntervalCategoryDataset.java,4.0,5.5,0.0,821.0,90.0,471.0,466.0,6.0,5.5,4.0
file:///C:/Users/74993/Desktop/毕设/wll论文/java%20project/defects4j/project_repos/output/jfreechart/src/test/java/org/jfree/data/general/TestIntervalXYZDataset.java,3.5,2.0,0.0,352.0,54.0,165.0,159.0,3.0,2.0,4.0
file:///C:/Users/74993/Desktop/毕设/wll论文/java%20project/defects4j/project_repos/output/jfreechart/src/test/java/org/jfree/data/statistics/HistogramDatasetTest.java,454.5,6.5,0.0,955.0,42.0,443.0,246.0,5.0,5.0,439.0
file:///C:/Users/74993/Desktop/毕设/wll论文/java%20project/defects4j/project_repos/output/jfreechart/src/test/java/org/jfree/data/statistics/StatisticsTest.java,591.5,14.0,0.0,1539.0,50.0,773.0,437.0,12.0,8.5,619.5
file:///C:/Users/74993/Desktop/毕设/wll论文/java%20project/defects4j/project_repos/output/jfreechart/src/test/java/org/jfree/data/time/MonthTest.java,2212.0,17.0,0.0,1867.0,130.0,1148.0,587.0,17.5,17.5,2415.0
file:///C:/Users/74993/Desktop/毕设/wll论文/java%20project/defects4j/project_repos/output/jfreechart/src/test/java/org/jfree/data/time/ohlc/OHLCSeriesCollectionTest.java,109.0,5.5,0.0,778.0,46.0,457.0,238.0,5.0,5.0,110.5
file:///C:/Users/74993/Desktop/毕设/wll论文/java%20project/defects4j/project_repos/output/jfreechart/src/test/java/org/jfree/data/time/ohlc/OHLCSeriesTest.java,141.5,5.0,0.0,917.0,35.0,459.0,252.0,8.0,4.5,147.0
file:///C:/Users/74993/Desktop/毕设/wll论文/java%20project/defects4j/project_repos/output/jfreechart/src/test/java/org/jfree/data/time/QuarterTest.java,2213.5,13.0,0.0,1893.0,133.0,1115.0,609.0,13.0,12.0,2650.0
file:///C:/Users/74993/Desktop/毕设/wll论文/java%20project/defects4j/project_repos/output/jfreechart/src/test/java/org/jfree/data/time/TimePeriodValuesTest.java,838.5,6.5,0.0,965.0,47.0,516.0,298.0,16.0,6.5,905.5
file:///C:/Users/74993/Desktop/毕设/wll论文/java%20project/defects4j/project_repos/output/jfreechart/src/test/java/org/jfree/data/time/TimeSeriesTest.java,3056.0,37.0,0.0,4787.0,159.0,2704.0,1154.0,35.5,36.0,3254.5
file:///C:/Users/74993/Desktop/毕设/wll论文/java%20project/defects4j/project_repos/output/jfreechart/src/test/java/org/jfree/data/time/WeekTest.java,2497.5,19.5,0.0,2390.0,162.0,1469.0,697.0,16.5,19.5,2396.0
file:///C:/Users/74993/Desktop/毕设/wll论文/java%20project/defects4j/project_repos/output/jfreechart/src/test/java/org/jfree/data/xy/DefaultXYDatasetTest.java,859.0,4.0,0.0,684.0,45.0,301.0,219.0,7.5,4.0,803.0
file:///C:/Users/74993/Desktop/毕设/wll论文/java%20project/defects4j/project_repos/output/jfreechart/src/test/java/org/jfree/data/xy/DefaultXYZDatasetTest.java,780.0,4.0,0.0,750.0,51.0,313.0,225.0,6.0,3.0,787.0
file:///C:/Users/74993/Desktop/毕设/wll论文/java%20project/defects4j/project_repos/output/jfreechart/src/test/java/org/jfree/data/xy/VectorSeriesTest.java,1323.5,6.0,0.5,1002.0,31.0,493.0,274.0,8.5,5.5,1298.0
file:///C:/Users/74993/Desktop/毕设/wll论文/java%20project/defects4j/project_repos/output/jfreechart/src/test/java/org/jfree/data/xy/XIntervalSeriesTest.java,1720.5,8.0,0.0,1071.0,35.0,525.0,294.0,12.0,7.0,1622.5
file:///C:/Users/74993/Desktop/毕设/wll论文/java%20project/defects4j/project_repos/output/jfreechart/src/test/java/org/jfree/data/xy/cfv.java,1334.5,5.5,0.0,1122.0,33.0,521.0,285.0,8.5,6.0,1301.5
file:///C:/Users/74993/Desktop/毕设/wll论文/java%20project/defects4j/project_repos/output/jfreechart/src/test/java/org/jfree/data/xy/YIntervalSeriesTest.java,1194.0,5.0,0.0,973.0,31.0,481.0,271.0,8.5,4.5,1173.0
